item;alias;description;sessionuid;road;stretchs;pk;sentido;on_change_measure
1;RV-CO-1CA;RV-CO-1CA;RV-CO-1CA;AP7 - AUSOL I;RV-TUNEL;177+137;CA;SendValuesToVentilation.groovy
2;RV-CO-1MA;RV-CO-1MA;RV-CO-1MA;AP7 - AUSOL I;RV-TUNEL;177+145;MA;SendValuesToVentilation.groovy
3;MM-CO-1CA;MM-CO-1CA;MM-CO-1CA;AP7 - AUSOL I;MM-TUNEL;166+587;CA;SendValuesToVentilation.groovy
4;MM-CO-2CA;MM-CO-2CA;MM-CO-2CA;AP7 - AUSOL I;MM-TUNEL;166+387;CA;SendValuesToVentilation.groovy
5;MM-CO-3CA;MM-CO-3CA;MM-CO-3CA;AP7 - AUSOL I;MM-TUNEL;166+217;CA;SendValuesToVentilation.groovy
6;MM-CO-1MA;MM-CO-1MA;MM-CO-1MA;AP7 - AUSOL I;MM-TUNEL;166+023;MA;SendValuesToVentilation.groovy
7;MM-CO-2MA;MM-CO-2MA;MM-CO-2MA;AP7 - AUSOL I;MM-TUNEL;166+043;MA;SendValuesToVentilation.groovy
8;MM-CO-3MA;MM-CO-3MA;MM-CO-3MA;AP7 - AUSOL I;MM-TUNEL;166+006;MA;SendValuesToVentilation.groovy
9;LQ-CO-1CA;LQ-CO-1CA;LQ-CO-1CA;AP7 - AUSOL I;LQ-TUNEL;172+100;CA;SendValuesToVentilation.groovy
10;LQ-CO-2CA;LQ-CO-2CA;LQ-CO-2CA;AP7 - AUSOL I;LQ-TUNEL;172+100;CA;SendValuesToVentilation.groovy
11;LQ-CO-3CA;LQ-CO-3CA;LQ-CO-3CA;AP7 - AUSOL I;LQ-TUNEL;172+100;CA;SendValuesToVentilation.groovy
12;LQ-CO-4CA;LQ-CO-4CA;LQ-CO-4CA;AP7 - AUSOL I;LQ-TUNEL;172+100;CA;SendValuesToVentilation.groovy
13;LQ-CO-5CA;LQ-CO-5CA;LQ-CO-5CA;AP7 - AUSOL I;LQ-TUNEL;172+100;CA;SendValuesToVentilation.groovy
14;LQ-CO-1MA;LQ-CO-1MA;LQ-CO-1MA;AP7 - AUSOL I;LQ-TUNEL;173+900;MA;SendValuesToVentilation.groovy
15;LQ-CO-2MA;LQ-CO-2MA;LQ-CO-2MA;AP7 - AUSOL I;LQ-TUNEL;173+900;MA;SendValuesToVentilation.groovy
16;LQ-CO-3MA;LQ-CO-3MA;LQ-CO-3MA;AP7 - AUSOL I;LQ-TUNEL;173+900;MA;SendValuesToVentilation.groovy
17;LQ-CO-4MA;LQ-CO-4MA;LQ-CO-4MA;AP7 - AUSOL I;LQ-TUNEL;173+900;MA;SendValuesToVentilation.groovy
18;CH-CO-1MA;CH-CO-1MA;CH-CO-1MA;AP7 - AUSOL I;CH-TUNEL;13+825;MA;SendValuesToVentilation.groovy
19;CH-CO-2MA;CH-CO-2MA;CH-CO-2MA;AP7 - AUSOL I;CH-TUNEL;13+825;MA;SendValuesToVentilation.groovy
20;CH-CO-3MA;CH-CO-3MA;CH-CO-3MA;AP7 - AUSOL I;CH-TUNEL;13+825;MA;SendValuesToVentilation.groovy
21;CH-CO-1CA;CH-CO-1CA;CH-CO-1CA;AP7 - AUSOL I;CH-TUNEL;14+395;CA;SendValuesToVentilation.groovy
22;CH-CO-2CA;CH-CO-2CA;CH-CO-2CA;AP7 - AUSOL I;CH-TUNEL;14+395;CA;SendValuesToVentilation.groovy
23;CH-CO-3CA;CH-CO-3CA;CH-CO-3CA;AP7 - AUSOL I;CH-TUNEL;14+395;CA;SendValuesToVentilation.groovy
24;CAS-CO-1CA;CAS-CO-1CA;CAS-CO-1CA;AP7 - AUSOL II;CAS-TUNEL;151+355;CA;SendValuesToVentilation.groovy
25;CAS-CO-2CA;CAS-CO-2CA;CAS-CO-2CA;AP7 - AUSOL II;CAS-TUNEL;151+355;CA;SendValuesToVentilation.groovy
26;CAS-CO-3CA;CAS-CO-3CA;CAS-CO-3CA;AP7 - AUSOL II;CAS-TUNEL;151+355;CA;SendValuesToVentilation.groovy
27;CAS-CO-4CA;CAS-CO-4CA;CAS-CO-4CA;AP7 - AUSOL II;CAS-TUNEL;151+355;CA;SendValuesToVentilation.groovy
28;CAS-CO-5CA;CAS-CO-5CA;CAS-CO-5CA;AP7 - AUSOL II;CAS-TUNEL;151+355;CA;SendValuesToVentilation.groovy
29;CAS-CO-6CA;CAS-CO-6CA;CAS-CO-6CA;AP7 - AUSOL II;CAS-TUNEL;151+355;CA;SendValuesToVentilation.groovy
30;CAS-CO-7CA;CAS-CO-7CA;CAS-CO-7CA;AP7 - AUSOL II;CAS-TUNEL;151+355;CA;SendValuesToVentilation.groovy
31;CAS-CO-8CA;CAS-CO-8CA;CAS-CO-8CA;AP7 - AUSOL II;CAS-TUNEL;151+355;CA;SendValuesToVentilation.groovy
32;CAS-CO-9CA;CAS-CO-9CA;CAS-CO-9CA;AP7 - AUSOL II;CAS-TUNEL;151+355;CA;SendValuesToVentilation.groovy
33;CAS-CO-10CA;CAS-CO-10CA;CAS-CO-10CA;AP7 - AUSOL II;CAS-TUNEL;151+355;CA;SendValuesToVentilation.groovy
34;CAS-CO-11CA;CAS-CO-11CA;CAS-CO-11CA;AP7 - AUSOL II;CAS-TUNEL;151+355;CA;SendValuesToVentilation.groovy
35;CAS-CO-1MA;CAS-CO-1MA;CAS-CO-1MA;AP7 - AUSOL II;CAS-TUNEL;151+953;MA;SendValuesToVentilation.groovy
36;CAS-CO-2MA;CAS-CO-2MA;CAS-CO-2MA;AP7 - AUSOL II;CAS-TUNEL;151+953;MA;SendValuesToVentilation.groovy
37;CAS-CO-3MA;CAS-CO-3MA;CAS-CO-3MA;AP7 - AUSOL II;CAS-TUNEL;151+953;MA;SendValuesToVentilation.groovy
38;CAS-CO-4MA;CAS-CO-4MA;CAS-CO-4MA;AP7 - AUSOL II;CAS-TUNEL;151+953;MA;SendValuesToVentilation.groovy
39;CAS-CO-5MA;CAS-CO-5MA;CAS-CO-5MA;AP7 - AUSOL II;CAS-TUNEL;151+953;MA;SendValuesToVentilation.groovy
40;CAS-CO-6MA;CAS-CO-6MA;CAS-CO-6MA;AP7 - AUSOL II;CAS-TUNEL;151+953;MA;SendValuesToVentilation.groovy
41;CAS-CO-7MA;CAS-CO-7MA;CAS-CO-7MA;AP7 - AUSOL II;CAS-TUNEL;151+953;MA;SendValuesToVentilation.groovy
42;CAS-CO-8MA;CAS-CO-8MA;CAS-CO-8MA;AP7 - AUSOL II;CAS-TUNEL;151+953;MA;SendValuesToVentilation.groovy
43;CAS-CO-9MA;CAS-CO-9MA;CAS-CO-9MA;AP7 - AUSOL II;CAS-TUNEL;151+953;MA;SendValuesToVentilation.groovy
44;CAS-CO-10MA;CAS-CO-10MA;CAS-CO-10MA;AP7 - AUSOL II;CAS-TUNEL;151+953;MA;SendValuesToVentilation.groovy
45;CAS-CO-11MA;CAS-CO-11MA;CAS-CO-11MA;AP7 - AUSOL II;CAS-TUNEL;151+953;MA;SendValuesToVentilation.groovy
46;COR-CO-1CA;COR-CO-1CA;COR-CO-1CA;AP7 - AUSOL I;COR-TUNEL;199+593;CA;SendValuesToVentilation.groovy
47;COR-CO-2CA;COR-CO-2CA;COR-CO-2CA;AP7 - AUSOL I;COR-TUNEL;199+593;CA;SendValuesToVentilation.groovy
48;COR-CO-3CA;COR-CO-3CA;COR-CO-3CA;AP7 - AUSOL I;COR-TUNEL;199+393;CA;SendValuesToVentilation.groovy
49;COR-CO-4CA;COR-CO-4CA;COR-CO-4CA;AP7 - AUSOL I;COR-TUNEL;199+393;CA;SendValuesToVentilation.groovy
50;COR-CO-1MA;COR-CO-1MA;COR-CO-1MA;AP7 - AUSOL I;COR-TUNEL;199+223;MA;SendValuesToVentilation.groovy
51;COR-CO-2MA;COR-CO-2MA;COR-CO-2MA;AP7 - AUSOL I;COR-TUNEL;199+223;MA;SendValuesToVentilation.groovy
52;COR-CO-3MA;COR-CO-3MA;COR-CO-3MA;AP7 - AUSOL I;COR-TUNEL;199+463;MA;SendValuesToVentilation.groovy
53;COR-CO-4MA;COR-CO-4MA;COR-CO-4MA;AP7 - AUSOL I;COR-TUNEL;199+463;MA;SendValuesToVentilation.groovy
54;STM2-CO-1CA;STM2-CO-1CA;STM2-CO-1CA;AP7 - AUSOL II;STMII-TUNEL;150+787;CA;SendValuesToVentilation.groovy
55;STM2-CO-2CA;STM2-CO-2CA;STM2-CO-2CA;AP7 - AUSOL II;STMII-TUNEL;150+497;CA;SendValuesToVentilation.groovy
56;STM2-CO-3CA;STM2-CO-3CA;STM2-CO-3CA;AP7 - AUSOL II;STMII-TUNEL;150+245;CA;SendValuesToVentilation.groovy
57;STM2-CO-1MA;STM2-CO-1MA;STM2-CO-1MA;AP7 - AUSOL II;STMII-TUNEL;150+243;MA;SendValuesToVentilation.groovy
58;STM2-CO-2MA;STM2-CO-2MA;STM2-CO-2MA;AP7 - AUSOL II;STMII-TUNEL;150+373;MA;SendValuesToVentilation.groovy
59;STM2-CO-3MA;STM2-CO-3MA;STM2-CO-3MA;AP7 - AUSOL II;STMII-TUNEL;150+796;MA;SendValuesToVentilation.groovy
60;NG-CO-1CA;NG-CO-1CA;NG-CO-1CA;AP7 - AUSOL I;NG-TUNEL;177+712;CA;SendValuesToVentilation.groovy
61;NG-CO-2CA;NG-CO-2CA;NG-CO-2CA;AP7 - AUSOL I;NG-TUNEL;177+712;CA;SendValuesToVentilation.groovy
62;NG-CO-3CA;NG-CO-3CA;NG-CO-3CA;AP7 - AUSOL I;NG-TUNEL;177+612;CA;SendValuesToVentilation.groovy
63;NG-CO-4CA;NG-CO-4CA;NG-CO-4CA;AP7 - AUSOL I;NG-TUNEL;177+612;CA;SendValuesToVentilation.groovy
64;NG-CO-5CA;NG-CO-5CA;NG-CO-5CA;AP7 - AUSOL I;NG-TUNEL;177+412;CA;SendValuesToVentilation.groovy
65;NG-CO-6CA;NG-CO-6CA;NG-CO-6CA;AP7 - AUSOL I;NG-TUNEL;177+412;CA;SendValuesToVentilation.groovy
66;NG-CO-1MA;NG-CO-1MA;NG-CO-1MA;AP7 - AUSOL I;NG-TUNEL;177+175;MA;SendValuesToVentilation.groovy
67;NG-CO-2MA;NG-CO-2MA;NG-CO-2MA;AP7 - AUSOL I;NG-TUNEL;177+175;MA;SendValuesToVentilation.groovy
68;NG-CO-3MA;NG-CO-3MA;NG-CO-3MA;AP7 - AUSOL I;NG-TUNEL;177+175;MA;SendValuesToVentilation.groovy
69;NG-CO-4MA;NG-CO-4MA;NG-CO-4MA;AP7 - AUSOL I;NG-TUNEL;177+585;MA;SendValuesToVentilation.groovy
70;NG-CO-5MA;NG-CO-5MA;NG-CO-5MA;AP7 - AUSOL I;NG-TUNEL;177+585;MA;SendValuesToVentilation.groovy
71;NG-CO-6MA;NG-CO-6MA;NG-CO-6MA;AP7 - AUSOL I;NG-TUNEL;177+685;MA;SendValuesToVentilation.groovy
