element_type;id;alias
2;01;TVE-1-01-DP;
2;02;TVE-2-01-DP;
2;03;TVI-1-01-DP;
2;04;TVI-1-02-DP;
2;05;TVI-1-03-DP;
2;06;TVI-1-04-DP;
2;07;TVI-1-05-DP;
2;08;TVI-1-06-DP;
2;09;TVI-1-07-DP;
2;10;TVI-1-08-DP;
2;11;TVI-1-09-DP;
2;12;TVI-1-10-DP;
2;13;TVI-1-11-DP;
2;14;TVI-1-12-DP;
2;15;TVI-1-13-DP;
2;16;TVI-1-14-DP;
2;17;TVI-1-15-DP;
2;18;TVI-1-16-DP;
2;19;TVI-1-17-DP;
2;20;TVI-1-18-DP;
2;21;TVI-1-19-DP;
2;22;TVI-2-01-DP;
2;23;TVI-2-02-DP;
2;24;TVI-2-03-DP;
2;25;TVI-2-04-DP;
2;26;TVI-2-05-DP;
2;27;TVI-2-06-DP;
2;28;TVI-2-07-DP;
2;29;TVI-2-08-DP;
2;30;TVI-2-09-DP;
2;31;TVI-2-10-DP;
2;32;TVI-2-11-DP;
2;33;TVI-2-12-DP;
2;34;TVI-2-13-DP;
2;35;TVI-2-14-DP;
2;36;TVI-2-15-DP;
2;37;TVI-2-16-DP;
2;38;TVI-2-17-DP;
2;39;TVI-2-18-DP;
2;40;TVI-2-19-DP;
2;41;TVI-1-01-GA1;
2;42;TVI-2-01-GA1;
2;43;TVI-1-01-GA2;
2;44;TVI-2-01-GA2;
2;45;TVI-1-01-GA3;
2;46;TVI-2-01-GA3;
2;47;TVI-1-01-GA4;
2;48;TVI-2-01-GA4;
2;49;TVE-1-01-CA;
2;50;TVE-2-01-CA;
2;51;TVI-1-01-CA;
2;52;TVI-1-02-CA;
2;53;TVI-2-01-CA;
2;54;TVI-2-02-CA;
2;55;TVE-1-01-CZ;
2;56;TVE-2-01-CZ;
2;57;TVI-1-01-CZ;
2;58;TVI-1-02-CZ;
2;59;TVI-1-03-CZ;
2;60;TVI-1-04-CZ;
2;61;TVI-2-01-CZ;
2;62;TVI-2-02-CZ;
8;1;BA-1-01-CA-D;
8;2;BA-1-01-CA-I;
8;3;BA-2-01-CZ-D;
8;4;BA-2-01-CZ-I;
9;01;VEN-2-01-DP-1;
9;02;VEN-2-02-DP-1;
9;03;VEN-2-03-DP-1;
9;04;VEN-2-04-DP-1;
9;05;VEN-2-05-DP-1;
9;06;VEN-2-06-DP-2;
9;07;VEN-2-07-DP-2;
9;08;VEN-2-08-DP-2;
9;09;VEN-2-09-DP-2;
9;10;VEN-2-10-DP-2;
9;11;VEN-3-01-DP-1;
9;12;VEN-3-02-DP-1;
9;13;VEN-3-03-DP-1;
9;14;VEN-3-04-DP-1;
9;15;VEN-3-05-DP-1;
9;16;VEN-3-06-DP-1;
9;17;VEN-3-07-DP-1;
9;18;VEN-3-08-DP-1;
9;19;VEN-3-09-DP-1;
9;20;VEN-3-10-DP-1;
9;21;VEN-3-11-DP-1;
9;22;VEN-3-12-DP-1;
9;23;VEN-3-13-DP-1;
9;24;VEN-3-14-DP-1;
9;25;VEN-3-15-DP-2;
9;26;VEN-3-16-DP-2;
9;27;VEN-3-17-DP-2;
9;28;VEN-3-18-DP-2;
9;29;VEN-3-19-DP-2;
9;30;VEN-3-20-DP-2;
9;31;VEN-3-21-DP-2;
9;32;VEN-3-22-DP-2;
9;33;VEN-3-23-DP-2;
9;34;VEN-3-24-DP-2;
9;35;VEN-3-25-DP-2;
9;36;VEN-3-26-DP-2;
9;37;VEN-1-01-CZ;
9;38;VEN-1-02-CZ;
9;39;VEN-1-03-CZ;
9;40;VEN-1-04-CZ;
9;41;VEN-1-05-CZ;
9;42;VEN-1-06-CZ;
9;43;VEN-1-07-CZ;
9;44;VEN-1-08-CZ;
11;1;PSE-1-01-DP;
11;2;PSI-1-01-DP;
11;3;PSI-1-02-DP;
11;4;PSI-1-03-DP;
11;5;PSI-1-04-DP;
11;6;PSI-1-05-DP;
11;7;PSI-1-06-DP;
11;8;PSI-1-07-DP;
11;9;PSI-1-08-DP;
11;10;PSI-1-09-DP;
11;11;PSI-1-10-DP;
11;12;PSI-1-11-DP;
11;13;PSI-1-12-DP;
11;14;PSI-1-13-DP;
11;15;PSI-1-14-DP;
11;16;PSI-1-15-DP;
11;17;PSI-1-16-DP;
11;18;PSI-1-17-DP;
11;19;PSI-1-18-DP;
11;20;PSE-1-02-DP;
11;21;PSE-2-01-DP;
11;22;PSI-2-01-DP;
11;23;PSI-2-02-DP;
11;24;PSI-2-03-DP;
11;25;PSI-2-04-DP;
11;26;PSI-2-05-DP;
11;27;PSI-2-06-DP;
11;28;PSI-2-07-DP;
11;29;PSI-2-08-DP;
11;30;PSI-2-09-DP;
11;31;PSI-2-10-DP;
11;32;PSI-2-11-DP;
11;33;PSI-2-12-DP;
11;34;PSI-2-13-DP;
11;35;PSI-2-14-DP;
11;36;PSI-2-15-DP;
11;37;PSI-2-16-DP;
11;38;PSI-2-17-DP;
11;39;PSI-2-18-DP;
11;40;PSE-2-02-DP;
11;41;PSI-GAL-1;
11;42;PSI-GAL-2;
11;43;PSI-GAL-3;
11;44;PSI-GAL-4;
11;45;PSI-1-01-CA;
11;46;PSI-2-01-CA;
11;47;PSE-1-01-CA;
11;48;PSE-1-02-CA;
11;49;PSE-2-01-CA;
11;50;PSE-2-02-CA;
11;51;PSI-1-01-CZ;
11;52;PSI-1-02-CZ;
11;53;PSI-1-03-CZ;
11;54;PSI-2-01-CZ;
11;55;PSE-1-01-CZ;
11;56;PSE-1-02-CZ;
11;57;PSE-2-01-CZ;
11;58;PSE-2-02-CZ;
13;01;SMF-1-01-DP;
13;02;SMF-1-02-DP;
13;03;SMF-1-03-DP;
13;04;SMF-1-04-DP;
13;05;SMF-1-05-DP;
13;06;SMF-2-01-DP;
13;07;SMF-2-02-DP;
13;08;SMF-2-03-DP;
13;09;SMF-2-04-DP;
13;10;SMF-2-05-DP;
13;11;SMF-1-04-CA;
13;12;SMF-2-02-CA;
13;13;SMF-1-01-CA-D;
13;14;SMF-1-01-CA-C;
13;15;SMF-1-01-CA-I;
13;16;SMF-1-02-CA-D;
13;17;SMF-1-02-CA-C;
13;18;SMF-1-02-CA-I;
13;19;SMF-2-01-CZ-D;
13;20;SMF-2-01-CZ-I;
13;21;SMF-2-02-CZ-D;
13;22;SMF-2-02-CZ-I;
13;23;SMF-2-04-CZ;
13;24;SMF-1-01-CZ;
14;1;LUM-0-03-DP;
14;2;LUM-0-01-CA;
14;3;LUM-0-02-CA;
14;4;LUM-0-04-CZ;
15;1;ZI-1-01-DP;
15;2;ZI-1-02-DP;
15;3;ZI-1-03-DP;
15;4;ZI-1-04-DP;
15;5;ZI-1-05-DP;
15;6;ZI-1-06-DP;
15;7;ZI-1-07-DP;
15;8;ZI-1-08-DP;
15;9;ZI-1-09-DP;
15;10;ZI-1-10-DP;
15;11;ZI-1-11-DP;
15;12;ZI-1-12-DP;
15;13;ZI-1-13-DP;
15;14;ZI-1-14-DP;
15;15;ZI-1-15-DP;
15;16;ZI-1-16-DP;
15;17;ZI-1-17-DP;
15;18;ZI-1-18-DP;
15;19;ZI-1-19-DP;
15;20;ZI-2-01-DP;
15;21;ZI-2-02-DP;
15;22;ZI-2-03-DP;
15;23;ZI-2-04-DP;
15;24;ZI-2-05-DP;
15;25;ZI-2-06-DP;
15;26;ZI-2-07-DP;
15;27;ZI-2-08-DP;
15;28;ZI-2-09-DP;
15;29;ZI-2-10-DP;
15;30;ZI-2-11-DP;
15;31;ZI-2-12-DP;
15;32;ZI-2-13-DP;
15;33;ZI-2-14-DP;
15;34;ZI-2-15-DP;
15;35;ZI-2-16-DP;
15;36;ZI-2-17-DP;
15;37;ZI-2-18-DP;
15;38;ZI-2-19-DP;
15;39;ZI-1-01-CA;
15;40;ZI-1-02-CA;
15;41;ZI-1-03-CA;
15;43;ZI-2-01-CA;
15;44;ZI-2-02-CA;
15;45;ZI-2-03-CA;
15;47;ZI-1-01-CZ;
15;48;ZI-1-02-CZ;
15;49;ZI-1-03-CZ;
15;50;ZI-1-04-CZ;
15;51;ZI-2-01-CZ;
15;52;ZI-2-02-CZ;
17;1;GA-1-01-CA;
17;2;GA-2-01-CZ;
18;1;AN-1-01-DP;
18;2;AN-1-02-DP;
18;3;AN-1-03-DP;
18;4;AN-1-04-DP;
18;5;AN-2-01-DP;
18;6;AN-2-02-DP;
18;7;AN-2-03-DP;
18;8;AN-2-04-DP;
18;9;AN-1-01-CZ;
19;1;SCO-1-01-DP;
19;2;SCO-1-02-DP;
19;3;SCO-1-03-DP;
19;4;SCO-1-04-DP;
19;5;SCO-2-01-DP;
19;6;SCO-2-02-DP;
19;7;SCO-2-03-DP;
19;8;SCO-2-04-DP;
19;9;SCO-1-01-CA;
19;10;SCO-2-01-CA;
19;11;SCO-1-01-CZ;
19;12;SCO-2-01-CZ;
21;1;OP-1-01-DP;
21;2;OP-1-02-DP;
21;3;OP-1-03-DP;
21;4;OP-1-04-DP;
21;5;OP-2-01-DP;
21;6;OP-2-02-DP;
21;7;OP-2-03-DP;
21;8;OP-2-04-DP;
21;9;OP-1-01-CA;
21;10;OP-2-01-CA;
21;11;OP-1-01-CZ;
21;12;OP-2-01-CZ;
26;1;SWP-1-01-DP;
26;2;SWP-1-02-DP;
26;3;SWP-1-03-DP;
26;4;SWP-1-04-DP;
26;5;SWP-1-05-DP;
26;6;SWP-1-06-DP;
26;7;SWP-1-07-DP;
26;8;SWP-1-08-DP;
26;9;SWP-1-09-DP;
26;10;SWP-1-10-DP;
26;11;SWP-1-11-DP;
26;12;SWP-1-12-DP;
26;13;SWP-1-13-DP;
26;14;SWP-1-14-DP;
26;15;SWP-1-15-DP;
26;16;SWP-1-16-DP;
26;17;SWP-1-17-DP;
26;18;SWP-1-18-DP;
26;19;SWP-2-01-DP;
26;20;SWP-2-02-DP;
26;21;SWP-2-03-DP;
26;22;SWP-2-04-DP;
26;23;SWP-2-05-DP;
26;24;SWP-2-06-DP;
26;25;SWP-2-07-DP;
26;26;SWP-2-08-DP;
26;27;SWP-2-09-DP;
26;28;SWP-2-10-DP;
26;29;SWP-2-11-DP;
26;30;SWP-2-12-DP;
26;31;SWP-2-13-DP;
26;32;SWP-2-14-DP;
26;33;SWP-2-15-DP;
26;34;SWP-2-16-DP;
26;35;SWP-2-17-DP;
26;36;SWP-2-18-DP;
26;37;SWP-1-01-GA1;
26;38;SWP-1-01-GA2;
26;39;SWP-1-01-GA3;
26;40;SWP-1-01-GA4;
26;41;SWP-1-01-CA;
26;42;SWP-1-02-CA;
26;43;SWP-1-03-CA;
26;44;SWP-1-04-CA;
26;45;SWP-1-05-CA;
26;46;SWP-2-01-CA;
26;47;SWP-2-02-CA;
26;48;SWP-2-03-CA;
26;49;SWP-1-01-CZ;
26;50;SWP-1-02-CZ;
26;51;SWP-1-03-CZ;
26;52;SWP-1-04-CZ;
26;53;SWP-2-01-CZ;
26;54;SWP-2-02-CZ;
26;55;SWP-2-03-CZ;
26;56;SWP-2-04-CZ;
26;57;SWP-2-05-CZ;
27;1;M-01-DP;
27;2;M-11-DP;
27;3;ES-02-DP;
27;4;ES-03-DP;
27;5;ES-01-GA-1;
27;6;ES-04-DP;
27;7;ES-05-DP;
27;8;ES-01-GA-2;
27;9;ES-06-DP;
27;10;ES-07-DP;
27;11;ES-01-GA-3;
27;12;ES-08-DP;
27;13;ES-09-DP;
27;14;ES-01-GA-4;
27;15;ES-10-DP;
27;16;ES-10-B-DP;
27;17;ES-12-DP;
27;18;ES-13-DP;
27;19;ES-14-DP;
27;20;ES-15-DP;
27;21;ES-16-DP;
27;22;ES-17-DP;
27;23;ES-18-DP;
27;24;ES-19-DP;
27;25;ES-20-DP;
27;26;ES-20-B-DP;
27;27;ES-21-DP;
27;28;ES-01-CA;
27;29;ES-02-CA;
27;30;ES-03-CA;
27;31;ES-04-CA;
27;32;ES-05-CA;
27;33;ES-06-CA;
27;34;ES-01-CZ;
27;35;ES-02-CZ;
27;36;ES-03-CZ;
27;37;ES-04-CZ;
27;38;ES-05-CZ;
27;39;ES-06-CZ;
27;40;ES-VEN-01-CZ;
27;41;ES-VEN-02-CZ;
27;42;ES-07-CZ;
29;1;CEN-LIST-DP1;
29;2;CEN-LIST-DP2;
29;3;CEN-LIST-CA;
29;4;CEN-LIST-CZ;
32;01;PRES-GA1-S;
32;02;PRES-GA1-N;
32;03;PRES-GA2-S;
32;04;PRES-GA2-N;
32;05;PRES-GA3-S;
32;06;PRES-GA3-N;
32;07;PRES-GA4-S;
32;08;PRES-GA4-N;
53;01;SMF-1-03-CA-D;
53;02;SMF-1-03-CA-I;
53;03;SMF-2-01-CA-D;
53;04;SMF-2-01-CA-I;
53;05;SMF-2-03-CZ-D;
53;06;SMF-2-03-CZ-I;
56;1;ILU-NOR-DP2;
56;2;ILU-SUR-DP2;
56;3;CGBT-DP2;
56;4;ILU-NOR-DP3;
56;5;ILU-SUR-DP3;
56;6;CGBT-DP3;
56;7;ILU-NOR-DP4;
56;8;ILU-SUR-DP4;
56;9;CGBT-DP4;
56;10;ILU-SUR-DP1;
56;11;ILU-NOR-DP1;
56;12;CGBT-DP1;
57;1;INT-Q26-ILU-SUR-2;
57;2;INT-K01-ILU-SUR-2;
57;3;INT-MANI-ILU-SUR-2;
57;4;INT-SOL-IZQ-1-ILU-SUR-2;
57;5;INT-SOL-IZQ-2-ILU-SUR-2;
57;6;INT-SOL-IZQ-3-ILU-SUR-2;
57;7;INT-SOL-IZQ-4-ILU-SUR-2;
57;8;INT-NUB-IZQ-1-ILU-SUR-2;
57;9;INT-NUB-IZQ-2-ILU-SUR-2;
57;10;INT-NUB-IZQ-3-ILU-SUR-2;
57;11;INT-NOC-IZQ-ILU-SUR-2;
57;12;INT-CREP-IZQ-1-ILU-SUR-2;
57;13;INT-CREP-IZQ-2-ILU-SUR-2;
57;14;INT-CREP-IZQ-3-ILU-SUR-2;
57;15;INT-CREP-IZQ-4-ILU-SUR-2;
57;16;INT-SOL-DER-1-ILU-SUR-2;
57;17;INT-SOL-DER-2-ILU-SUR-2;
57;18;INT-SOL-DER-3-ILU-SUR-2;
57;19;INT-SOL-DER-4-ILU-SUR-2;
57;20;INT-NUB-DER-1-ILU-SUR-2;
57;21;INT-NUB-DER-2-ILU-SUR-2;
57;22;INT-NUB-DER-3-ILU-SUR-2;
57;23;INT-CREP-DER-1-ILU-SUR-2;
57;24;INT-CREP-DER-2-ILU-SUR-2;
57;25;INT-CREP-DER-3-ILU-SUR-2;
57;26;INT-CREP-DER-4-ILU-SUR-2;
57;27;INT-EXT-ILU-SUR-2;
57;28;INT-Q27-ILU-NOR-2;
57;29;INT-K02-ILU-NOR-2;
57;30;INT-MANI-ILU-NOR-2;
57;31;INT-CREP-IZQ-ILU-NOR-2;
57;32;INT-NOC-IZQ-1-ILU-NOR-2;
57;33;INT-NOC-IZQ-2-ILU-NOR-2;
57;34;INT-REF-IZQ-1-ILU-NOR-2;
57;35;INT-REF-IZQ-2-ILU-NOR-2;
57;36;INT-REF-IZQ-3-ILU-NOR-2;
57;37;INT-CREP-DER-ILU-NOR-2;
57;38;INT-REF-DER-1-ILU-NOR-2;
57;39;INT-REF-DER-2-ILU-NOR-2;
57;40;INT-REF-DER-3-ILU-NOR-2;
57;41;INT-EXT-ILU-NOR-2;
57;42;INT-Q27-ILU-NOR-3;
57;43;INT-K02-ILU-NOR-3;
57;44;INT-MANI-ILU-NOR-3;
57;45;INT-SOL-IZQ-1-ILU-NOR-3;
57;46;INT-SOL-IZQ-2-ILU-NOR-3;
57;47;INT-SOL-IZQ-3-ILU-NOR-3;
57;48;INT-SOL-IZQ-4-ILU-NOR-3;
57;49;INT-NUB-IZQ-1-ILU-NOR-3;
57;50;INT-NUB-IZQ-2-ILU-NOR-3;
57;51;INT-NUB-IZQ-3-ILU-NOR-3;
57;52;INT-NOC-IZQ-ILU-NOR-3;
57;53;INT-CREP-IZQ-1-ILU-NOR-3;
57;54;INT-CREP-IZQ-2-ILU-NOR-3;
57;55;INT-CREP-IZQ-3-ILU-NOR-3;
57;56;INT-SOL-DER-1-ILU-NOR-3;
57;57;INT-SOL-DER-2-ILU-NOR-3;
57;58;INT-SOL-DER-3-ILU-NOR-3;
57;59;INT-SOL-DER-4-ILU-NOR-3;
57;60;INT-NUB-DER-1-ILU-NOR-3;
57;61;INT-NUB-DER-2-ILU-NOR-3;
57;62;INT-NUB-DER-3-ILU-NOR-3;
57;63;INT-CREP-DER-1-ILU-NOR-3;
57;64;INT-CREP-DER-2-ILU-NOR-3;
57;65;INT-CREP-DER-3-ILU-NOR-3;
57;66;INT-EXT-ILU-NOR-3;
57;67;INT-Q26-ILU-SUR-3;
57;68;INT-K01-ILU-SUR-3;
57;69;INT-MANI-ILU-SUR-3;
57;70;INT-CREP-IZQ-ILU-SUR-3;
57;71;INT-NOC-IZQ-1-ILU-SUR-3;
57;72;INT-NOC-IZQ-2-ILU-SUR-3;
57;73;INT-REF-IZQ-1-ILU-SUR-3;
57;74;INT-REF-IZQ-2-ILU-SUR-3;
57;75;INT-REF-IZQ-3-ILU-SUR-3;
57;76;INT-CREP-DER-ILU-SUR-3;
57;77;INT-REF-DER-1-ILU-SUR-3;
57;78;INT-REF-DER-2-ILU-SUR-3;
57;79;INT-REF-DER-3-ILU-SUR-3;
57;80;INT-EXT-ILU-SUR-3;
57;81;INT-Q1-GEN-CGBT-DP2;
57;82;INT-K01-GEN-CGBT-DP2;
57;83;INT-F1-F2-F1.1-CGBT-DP2;
57;84;INT-Q1-RED-CGBT-DP2;
57;85;INT-Q2-CGBT-DP2;
57;86;INT-K01-RED-CGBT-DP2;
57;87;INT-Q4-CGBT-DP2;
57;88;INT-Q5-CGBT-DP2;
57;89;INT-Q6-CGBT-DP2;
57;90;INT-Q7-CGBT-DP2;
57;91;INT-Q3-CGBT-DP2;
57;92;INT-K02-CGBT-DP2;
57;93;INT-Q8-CGBT-DP2;
57;94;INT-Q9-CGBT-DP2;
57;95;INT-Q10-CGBT-DP2;
57;96;INT-F1-F2-F3-CGBT-DP2;
57;97;INT-F32-F6-CGBT-DP2;
57;98;INT-VENT-2-06-CGBT-DP2;
57;99;INT-VENT-2-07-CGBT-DP2;
57;100;INT-VENT-2-08-CGBT-DP2;
57;101;INT-VENT-2-09-CGBT-DP2;
57;102;INT-VENT-2-10-CGBT-DP2;
57;103;INT-VENT-3-15-CGBT-DP2;
57;104;INT-VENT-3-16-CGBT-DP2;
57;105;INT-VENT-3-17-CGBT-DP2;
57;106;INT-VENT-3-18-CGBT-DP2;
57;107;INT-VENT-3-19-CGBT-DP2;
57;108;INT-VENT-3-20-CGBT-DP2;
57;109;INT-VENT-3-21-CGBT-DP2;
57;110;INT-VENT-3-22-CGBT-DP2;
57;111;INT-VENT-3-23-CGBT-DP2;
57;112;INT-VENT-3-24-CGBT-DP2;
57;113;INT-VENT-3-25-CGBT-DP2;
57;114;INT-VENT-3-26-CGBT-DP2;
57;115;INT-F42-F43-D1-CGBT-DP2;
57;116;INT-F44-F45-D2-CGBT-DP2;
57;117;INT-F46-F47-D3-CGBT-DP2;
57;118;INT-Q1-GEN-CGBT-DP3;
57;119;INT-K01-GEN-CGBT-DP3;
57;120;INT-F1-B-CGBT-DP3;
57;121;INT-Q2-GEN-CGBT-DP3;
57;122;INT-K02-GEN-CGBT-DP3;
57;123;INT-F2-CGBT-DP3;
57;124;INT-Q1-RED-CGBT-DP3;
57;125;INT-Q2-GRU-CGBT-DP3;
57;126;INT-K01-RED-CGBT-DP3;
57;127;INT-Q7-CGBT-DP3;
57;128;INT-Q8-CGBT-DP3;
57;129;INT-Q9-CGBT-DP3;
57;130;INT-Q10-CGBT-DP3;
57;131;INT-Q11-CGBT-DP3;
57;132;INT-Q12-CGBT-DP3;
57;133;INT-VENT-3-01-CGBT-DP3;
57;134;INT-VENT-3-02-CGBT-DP3;
57;135;INT-VENT-3-03-CGBT-DP3;
57;136;INT-VENT-3-04-CGBT-DP3;
57;137;INT-VENT-3-05-CGBT-DP3;
57;138;INT-VENT-3-06-CGBT-DP3;
57;139;INT-VENT-3-07-CGBT-DP3;
57;140;INT-VENT-3-08-CGBT-DP3;
57;141;INT-VENT-3-09-CGBT-DP3;
57;142;INT-VENT-3-10-CGBT-DP3;
57;143;INT-MOD-2-CGBT-DP3;
57;144;INT-MOD-4-CGBT-DP3;
57;145;INT-MOD-11-CGBT-DP3;
57;146;INT-Q5-CGBT-DP3;
57;147;INT-Q4-CGBT-DP3;
57;148;INT-K03-RED-CGBT-DP3;
57;149;INT-Q24-CGBT-DP3;
57;150;INT-Q13-CGBT-DP3;
57;151;INT-VENT-2-01-CGBT-DP3;
57;152;INT-VENT-2-02-CGBT-DP3;
57;153;INT-VENT-2-03-CGBT-DP3;
57;154;INT-VENT-2-04-CGBT-DP3;
57;155;INT-VENT-2-05-CGBT-DP3;
57;156;INT-VENT-3-11-CGBT-DP3;
57;157;INT-VENT-3-12-CGBT-DP3;
57;158;INT-VENT-3-13-CGBT-DP3;
57;159;INT-VENT-3-14-CGBT-DP3;
57;160;INT-Q3-CGBT-DP3;
57;161;INT-Q6-CGBT-DP3;
57;162;INT-K02-GRU-CGBT-DP3;
57;163;INT-F1-GRU-CGBT-DP3;
57;164;INT-F6-CGBT-DP3;
57;165;INT-Q27-ILU-NOR-4;
57;166;INT-K02-ILU-NOR-4;
57;167;INT-MANI-ILU-NOR-4;
57;168;INT-SOL-IZQ-1-ILU-NOR-4;
57;169;INT-SOL-IZQ-2-ILU-NOR-4;
57;170;INT-SOL-IZQ-3-ILU-NOR-4;
57;171;INT-SOL-IZQ-4-ILU-NOR-4;
57;172;INT-NUB-IZQ-1-ILU-NOR-4;
57;173;INT-NUB-IZQ-2-ILU-NOR-4;
57;174;INT-NOC-IZQ-ILU-NOR-4;
57;175;INT-CREP-IZQ-1-ILU-NOR-4;
57;176;INT-CREP-IZQ-2-ILU-NOR-4;
57;177;INT-SOL-DER-1-ILU-NOR-4;
57;178;INT-SOL-DER-2-ILU-NOR-4;
57;179;INT-SOL-DER-3-ILU-NOR-4;
57;180;INT-SOL-DER-4-ILU-NOR-4;
57;181;INT-NUB-DER-1-ILU-NOR-4;
57;182;INT-NUB-DER-2-ILU-NOR-4;
57;183;INT-CREP-DER-1-ILU-NOR-4;
57;184;INT-CREP-DER-2-ILU-NOR-4;
57;185;INT-EXT-ENT-ILU-NOR-4;
57;186;INT-EXT-SAL-ILU-NOR-4;
57;187;INT-Q26-ILU-SUR-4;
57;188;INT-K01-ILU-SUR-4;
57;189;INT-MANI-ILU-SUR-4;
57;190;INT-SOL-IZQ-1-ILU-SUR-4;
57;191;INT-SOL-IZQ-2-ILU-SUR-4;
57;192;INT-SOL-IZQ-3-ILU-SUR-4;
57;193;INT-SOL-IZQ-4-ILU-SUR-4;
57;194;INT-NUB-IZQ-1-ILU-SUR-4;
57;195;INT-NUB-IZQ-2-ILU-SUR-4;
57;196;INT-NUB-IZQ-3-ILU-SUR-4;
57;197;INT-NOC-IZQ-ILU-SUR-4;
57;198;INT-CREP-IZQ-1-ILU-SUR-4;
57;199;INT-CREP-IZQ-2-ILU-SUR-4;
57;200;INT-CREP-IZQ-3-ILU-SUR-4;
57;201;INT-SOL-DER-1-ILU-SUR-4;
57;202;INT-SOL-DER-2-ILU-SUR-4;
57;203;INT-SOL-DER-3-ILU-SUR-4;
57;204;INT-SOL-DER-4-ILU-SUR-4;
57;205;INT-NUB-DER-1-ILU-SUR-4;
57;206;INT-NUB-DER-2-ILU-SUR-4;
57;207;INT-NUB-DER-3-ILU-SUR-4;
57;208;INT-CREP-DER-1-ILU-SUR-4;
57;209;INT-CREP-DER-2-ILU-SUR-4;
57;210;INT-CREP-DER-3-ILU-SUR-4;
57;211;INT-EXT-ENT-ILU-SUR-4;
57;212;INT-EXT-SAL-ILU-SUR-4;
57;213;INT-K01-CGBT-DP4;
57;214;INT-F1-CGBT-DP4;
57;215;INT-Q1-CGBT-DP4;
57;216;INT-Q2-CGBT-DP4;
57;217;INT-Q4-CGBT-DP4;
57;218;INT-Q5-CGBT-DP4;
57;219;INT-Q6-CGBT-DP4;
57;220;INT-Q7-CGBT-DP4;
57;221;INT-K02-CGBT-DP4;
57;222;INT-Q3-CGBT-DP4;
57;223;INT-Q8-CGBT-DP4;
57;224;INT-Q9-CGBT-DP4;
57;225;INT-F2-CGBT-DP4;
57;226;INT-Q1-GEN-CGBT-DP1;
57;227;INT-K01-GEN-CGBT-DP1;
57;228;INT-F1-CGBT-DP1;
57;229;INT-K01-RED-CGBT-DP1;
57;230;INT-PROT-CGBT-DP1;
57;231;INT-Q1-RED-CGBT-DP1;
57;232;INT-Q2-CGBT-DP1;
57;233;INT-Q4-CGBT-DP1;
57;234;INT-Q5-CGBT-DP1;
57;235;INT-Q6-CGBT-DP1;
57;236;INT-Q7-CGBT-DP1;
57;237;INT-K02-CGBT-DP1;
57;238;INT-Q3-CGBT-DP1;
57;239;INT-Q8-CGBT-DP1;
57;240;INT-Q9-CGBT-DP1;
57;241;INT-F4-CGBT-DP1;
57;242;INT-Q1-GEN-CGBT-DP1;
57;243;INT-Q1-ILU-NOR-1;
57;244;INT-K02-ILU-NOR-1;
57;245;INT-MANI-ILU-NOR-1;
57;246;INT-SOL-IZQ-1-ILU-NOR-1;
57;247;INT-SOL-IZQ-2-ILU-NOR-1;
57;248;INT-SOL-IZQ-3-ILU-NOR-1;
57;249;INT-SOL-IZQ-4-ILU-NOR-1;
57;250;INT-NUB-IZQ-1-ILU-NOR-1;
57;251;INT-NUB-IZQ-2-ILU-NOR-1;
57;252;INT-NUB-IZQ-3-ILU-NOR-1;
57;253;INT-NOC-IZQ-ILU-NOR-1;
57;254;INT-CREP-IZQ-1-ILU-NOR-1;
57;255;INT-CREP-IZQ-2-ILU-NOR-1;
57;256;INT-CREP-IZQ-3-ILU-NOR-1;
57;257;INT-SOL-DER-1-ILU-NOR-1;
57;258;INT-SOL-DER-2-ILU-NOR-1;
57;259;INT-SOL-DER-3-ILU-NOR-1;
57;260;INT-SOL-DER-4-ILU-NOR-1;
57;261;INT-NUB-DER-1-ILU-NOR-1;
57;262;INT-NUB-DER-2-ILU-NOR-1;
57;263;INT-NUB-DER-3-ILU-NOR-1;
57;264;INT-CREP-DER-1-ILU-NOR-1;
57;265;INT-CREP-DER-2-ILU-NOR-1;
57;266;INT-CREP-DER-3-ILU-NOR-1;
57;267;INT-EXT-ENT-ILU-NOR-1;
57;268;INT-EXT-SAL-ILU-NOR-1;
57;269;INT-Q1-ILU-SUR-1;
57;270;INT-K01-ILU-SUR-1;
57;271;INT-MANI-ILU-SUR-1;
57;272;INT-SOL-IZQ-1-ILU-SUR-1;
57;273;INT-SOL-IZQ-2-ILU-SUR-1;
57;274;INT-NUB-IZQ-ILU-SUR-1;
57;275;INT-NOC-IZQ-ILU-SUR-1;
57;276;INT-CREP-IZQ-1-ILU-SUR-1;
57;277;INT-SOL-DER-1-ILU-SUR-1;
57;278;INT-SOL-DER-2-ILU-SUR-1;
57;279;INT-NUB-DER-1-ILU-SUR-1;
57;280;INT-CREP-DER-1-ILU-SUR-1;
57;281;INT-EXT-ENT-ILU-SUR-1;
57;282;INT-EXT-SAL-ILU-SUR-1;
57;283;INT-L2-1-CGMT;
57;284;INT-L2-2-CGMT;
57;285;SEC-L2-2-CGMT;
57;286;INT-L2-3-CGMT;
57;287;INT-L3-1-CGMT;
57;288;INT-L3-2-CGMT;
57;289;SEC-L3-2-CGMT;
57;290;INT-L3-3-CGMT;
57;291;SEC-L3-3-CGMT;
57;292;INT-L3-4-CGMT;
57;293;INT-L1-1-CGMT;
57;294;INT-L1-2-CGMT;
57;295;INT-L1-3-CGMT;
57;296;SEC-L1-3-CGMT;
57;297;INT-L1-4-CGMT;
57;298;INT-L1-5-CGMT;
57;299;SEC-L1-5-CGMT;
57;300;INT-L1-6-CGMT;
57;301;SEC-L1-6-CGMT;
61;1;CEN-INC-DP1;
61;2;CEN-INC-DP2;
61;3;CEN-INC-CA;
61;4;CEN-INC-CZ;
65;1;SAI-N-DP2;
65;2;SAI-S-DP2;
65;3;SAI-N-DP1;
65;4;SAI-S-DP1;
65;5;SAI-N-CA;
65;6;SAI-S-CA;
65;7;SAI-N-CZ;
65;8;SAI-S-CZ;
66;1;ANX-VEL-1-02-DP;
66;2;ANX-VEL-1-01-DP;
70;1;AR-1-DP2;
70;2;AR-2-DP2;
70;3;AR-1-DP1;
70;4;AR-2-DP1;
70;5;AR-3-DP1;
70;6;AR-1-CA;
70;7;AR-2-CA;
70;8;AR-1-CZ;
70;9;AR-2-CZ;
71;01;AF-2-01-DP-D;
71;02;AF-2-01-DP-C;
71;03;AF-2-01-DP-I;
71;04;AF-2-02-DP-D;
71;05;AF-2-02-DP-C;
71;06;AF-2-02-DP-I;
71;07;AF-2-03-DP-D;
71;08;AF-2-03-DP-C;
71;09;AF-2-03-DP-I;
71;10;AF-2-04-DP-D;
71;11;AF-2-04-DP-C;
71;12;AF-2-04-DP-I;
71;13;AF-2-05-DP-D;
71;14;AF-2-05-DP-C;
71;15;AF-2-05-DP-I;
71;16;AF-1-01-DP-D;
71;17;AF-1-01-DP-C;
71;18;AF-1-01-DP-I;
71;19;AF-1-02-DP-D;
71;20;AF-1-02-DP-C;
71;21;AF-1-02-DP-I;
71;22;AF-1-03-DP-D;
71;23;AF-1-03-DP-C;
71;24;AF-1-03-DP-I;
71;25;AF-1-04-DP-D;
71;26;AF-1-04-DP-C;
71;27;AF-1-04-DP-I;
71;28;AF-1-05-DP-D;
71;29;AF-1-05-DP-C;
71;30;AF-1-05-DP-I;
71;31;SV-2-01-DP-D;
71;32;SV-2-01-DP-C;
71;33;SV-2-01-DP-I;
71;34;SV-2-02-DP-D;
71;35;SV-2-02-DP-C;
71;36;SV-2-02-DP-I;
71;37;SV-2-03-DP-D;
71;38;SV-2-03-DP-C;
71;39;SV-2-03-DP-I;
71;40;SV-2-04-DP-D;
71;41;SV-2-04-DP-C;
71;42;SV-2-04-DP-I;
71;43;SV-2-05-DP-D;
71;44;SV-2-05-DP-C;
71;45;SV-2-05-DP-I;
71;46;SV-1-01-DP-D;
71;47;SV-1-01-DP-C;
71;48;SV-1-01-DP-I;
71;49;SV-1-02-DP-D;
71;50;SV-1-02-DP-C;
71;51;SV-1-02-DP-I;
71;52;SV-1-03-DP-D;
71;53;SV-1-03-DP-C;
71;54;SV-1-03-DP-I;
71;55;SV-1-04-DP-D;
71;56;SV-1-04-DP-C;
71;57;SV-1-04-DP-I;
71;58;SV-1-05-DP-D;
71;59;SV-1-05-DP-C;
71;60;SV-1-05-DP-I;
71;61;PMV-2-01-DP;
71;62;PMV-1-01-DP;
71;63;AF-1-01-CA-D;
71;64;AF-1-01-CA-C;
71;65;AF-1-01-CA-I;
71;66;AF-2-01-CA-D;
71;67;AF-2-01-CA-C;
71;68;AF-2-01-CA-I;
71;69;SV-1-01-CA-D;
71;70;SV-1-01-CA-C;
71;71;SV-1-01-CA-I;
71;72;SV-2-01-CA-D;
71;73;SV-2-01-CA-C;
71;74;SV-2-01-CA-I;
71;75;STP-1-01-CA-D;
71;76;STP-1-01-CA-C;
71;77;STP-1-01-CA-I;
71;78;PG-1-01-CA;
71;79;PMV-1-01-CA;
71;80;AF-1-01-CZ-D;
71;81;AF-1-01-CZ-C;
71;82;AF-1-01-CZ-I;
71;83;AF-2-01-CZ-D;
71;84;AF-2-01-CZ-I;
71;85;SV-1-01-CZ-D;
71;86;SV-1-01-CZ-C;
71;87;SV-1-01-CZ-I;
71;88;SV-2-01-CZ-D;
71;89;SV-2-01-CZ-I;
71;90;PMV-2-01-CZ;
71;91;STP-2-01-CZ-D;
71;92;STP-2-01-CZ-I;
71;93;PG-2-01-CZ;
75;1;GE2-DP;
75;2;GE3-DP;
75;3;GE4-CA;
75;4;GE1-CZ;
84;1;CONT-SOL-ILU-SUR-2;
84;2;CONT-NUB-ILU-SUR-2;
84;3;CONT-NOC-ILU-SUR-2;
84;4;CONT-CREP-ILU-SUR-2;
84;5;CONT-EXT-ILU-SUR-2;
84;6;CONT-NOC-ILU-NOR-2;
84;7;CONT-CREP-ILU-NOR-2;
84;8;CONT-EXT-ILU-NOR-2;
84;9;CONT-REF-ILU-NOR-2;
84;10;CONT-SOL-ILU-NOR-3;
84;11;CONT-NUB-ILU-NOR-3;
84;12;CONT-NOC-ILU-NOR-3;
84;13;CONT-CREP-ILU-NOR-3;
84;14;CONT-EXT-ILU-NOR-3;
84;15;CONT-REF-ILU-SUR-3;
84;16;CONT-NOC-ILU-SUR-3;
84;17;CONT-CREP-ILU-SUR-3;
84;18;CONT-EXT-ILU-SUR-3;
84;19;CONT-SOL-ILU-NOR-4;
84;20;CONT-NUB-ILU-NOR-4;
84;21;CONT-NOC-ILU-NOR-4;
84;22;CONT-CREP-ILU-NOR-4;
84;23;CONT-EXT-ILU-NOR-4;
84;24;CONT-SOL-ILU-SUR-4;
84;25;CONT-NUB-ILU-SUR-4;
84;26;CONT-NOC-ILU-SUR-4;
84;27;CONT-CREP-ILU-SUR-4;
84;28;CONT-EXT-ILU-SUR-4;
84;29;CONT-SOL-ILU-NOR-1;
84;30;CONT-NUB-ILU-NOR-1;
84;31;CONT-NOC-ILU-NOR-1;
84;32;CONT-CREP-ILU-NOR-1;
84;33;CONT-EXT-ILU-NOR-1;
84;34;CONT-SOL-ILU-SUR-1;
84;35;CONT-NUB-ILU-SUR-1;
84;36;CONT-NOC-ILU-SUR-1;
84;37;CONT-CREP-ILU-SUR-1;
84;38;CONT-EXT-ILU-SUR-1;
86;1;BOMB-PRIN-1-DP2;
86;2;BOMB-PRIN-2-DP2;
86;3;BOMB-LLEN-1-DP2;
86;4;BOMB-JOCK-1-DP2;
87;1;DEP-PCI-1-DP2;
87;2;DEP-PCI-2-DP2;
89;1;PUE-GA1-S;
89;2;PUE-GA1-N;
89;3;PUE-GA2-S;
89;4;PUE-GA2-N;
89;5;PUE-GA3-S;
89;6;PUE-GA3-N;
89;7;PUE-GA4-S;
89;8;PUE-GA4-N;
89;9;PUE-CGBT-CT2;
89;10;PUE-GE2-CT2;
89;11;PUE-MT-CT2;
89;12;PUE-CGBT-CT3;
89;13;PUE-GE3-CT3;
89;14;PUE-MT-CT3;
89;15;PUE-CGBT-CT4;
89;16;PUE-GE4-CT4;
89;17;PUE-CGBT-CT1;
89;18;PUE-MT-CT1;
89;19;PUE-GE1-CT1;
