"id";"value";"type";"param";"param_type";"protocol_type";"protocol_param_id"
63;25;1;1001;2;1;1
64;26;1;1001;2;1;1
65;27;1;1001;2;1;1
66;31;1;1001;2;1;1
67;28;1;1001;2;1;1
77;33;1;1001;2;1;1
78;34;1;1001;2;1;1
80;32;1;1001;2;1;1
81;35;1;1001;2;1;1
82;30;1;1001;2;1;1
84;29;1;1001;2;1;1
85;36;1;1001;2;1;1
152;39;1;1001;2;1;1
315;5;1;1001;2;1;1
316;6;1;1001;2;1;1
317;7;1;1001;2;1;1
318;8;1;1001;2;1;1
319;9;1;1001;2;1;1
320;10;1;1001;2;1;1
321;11;1;1001;2;1;1
322;12;1;1001;2;1;1
323;13;1;1001;2;1;1
324;14;1;1001;2;1;1
328;37;1;1001;2;1;1
501;38;1;1001;2;1;1
505;15;1;1001;2;1;1
506;16;1;1001;2;1;1
507;17;1;1001;2;1;1
508;18;1;1001;2;1;1
509;19;1;1001;2;1;1
510;20;1;1001;2;1;1
511;21;1;1001;2;1;1
512;22;1;1001;2;1;1
513;23;1;1001;2;1;1
514;24;1;1001;2;1;1
2000;"6x12";2;1002;2;2;1
2001;"6x12";2;1002;2;2;1
2002;"3x12";2;1002;2;2;1
2003;"3x12";2;1002;2;2;1
2004;"1x1";2;1002;2;2;1
2005;"2x7";2;1002;2;2;1
2006;"3x2";2;1002;2;2;1
2007;"5x7";2;1002;2;2;1
2008;"5x7";2;1002;2;2;1
2009;"4x6";2;1002;2;2;1
2010;"5x7";2;1002;2;2;1
2011;"2x3";2;1002;2;2;1
2012;"3x7";2;1002;2;2;1
2013;"3x7";2;1002;2;2;1
2014;"5x6";2;1002;2;2;1
2015;"3x3";2;1002;2;2;1
2016;"2x3";2;1002;2;2;1
2017;"4x1";2;1002;2;2;1
2018;"2x2";2;1002;2;2;1
2019;"4x4";2;1002;2;2;1
2020;"4x7";2;1002;2;2;1
2021;"3x7";2;1002;2;2;1
2022;"4x7";2;1002;2;2;1
2023;"4x7";2;1002;2;2;1
2024;"4x7";2;1002;2;2;1
2025;"4x7";2;1002;2;2;1
2026;"4x7";2;1002;2;2;1
2027;"4x7";2;1002;2;2;1
2028;"4x7";2;1002;2;2;1
2029;"4x7";2;1002;2;2;1
2030;"1x5";2;1002;2;2;1
2031;"2x6";2;1002;2;2;1
2032;"4x7";2;1002;2;2;1
2033;"4x3";2;1002;2;2;1
2034;"4x7";2;1002;2;2;1
2035;"4x7";2;1002;2;2;1
2036;"5x7";2;1002;2;2;1
2037;"4x7";2;1002;2;2;1
2038;"4x7";2;1002;2;2;1
2039;"4x7";2;1002;2;2;1
2040;"4x7";2;1002;2;2;1
2041;"4x7";2;1002;2;2;1
2042;"4x7";2;1002;2;2;1
2043;"4x7";2;1002;2;2;1
2044;"4x7";2;1002;2;2;1
2045;"3x7";2;1002;2;2;1
2046;"3x7";2;1002;2;2;1
2047;"4x7";2;1002;2;2;1
2048;"4x7";2;1002;2;2;1
2049;"5x7";2;1002;2;2;1
2050;"4x7";2;1002;2;2;1
2051;"4x7";2;1002;2;2;1
2052;"4x7";2;1002;2;2;1
2053;"4x7";2;1002;2;2;1
2054;"4x7";2;1002;2;2;1
2055;"4x7";2;1002;2;2;1
2056;"5x7";2;1002;2;2;1
2057;"4x7";2;1002;2;2;1
2058;"4x7";2;1002;2;2;1
2059;"5x7";2;1002;2;2;1
2060;"5x7";2;1002;2;2;1
2061;"5x7";2;1002;2;2;1
2062;"4x7";2;1002;2;2;1
2063;"3x7";2;1002;2;2;1
2064;"4x4";2;1002;2;2;1
2065;"3x7";2;1002;2;2;1
2066;"5x3";2;1002;2;2;1
2067;"4x1";2;1002;2;2;1
2068;"2x3";2;1002;2;2;1
2069;"4x5";2;1002;2;2;1
2070;"4x7";2;1002;2;2;1
2071;"4x5";2;1002;2;2;1
2072;"4x7";2;1002;2;2;1
2073;"4x5";2;1002;2;2;1
2074;"4x7";2;1002;2;2;1
2075;"4x5";2;1002;2;2;1
2076;"4x7";2;1002;2;2;1
2077;"2x7";2;1002;2;2;1
2078;"4x7";2;1002;2;2;1
2079;"4x7";2;1002;2;2;1
2080;"3x7";2;1002;2;2;1
2081;"5x5";2;1002;2;2;1
2082;"4x5";2;1002;2;2;1
2083;"4x5";2;1002;2;2;1
2084;"4x5";2;1002;2;2;1
2085;"4x5";2;1002;2;2;1
2086;"4x5";2;1002;2;2;1
2087;"4x5";2;1002;2;2;1
2088;"4x7";2;1002;2;2;1
2089;"4x5";2;1002;2;2;1
2090;"4x5";2;1002;2;2;1
2091;"5x5";2;1002;2;2;1
2092;"5x5";2;1002;2;2;1
2093;"4x5";2;1002;2;2;1
2094;"4x5";2;1002;2;2;1
2095;"4x7";2;1002;2;2;1
2096;"1x1";2;1002;2;2;1
2097;"4x7";2;1002;2;2;1
2098;"5x3";2;1002;2;2;1
2099;"4x7";2;1002;2;2;1
2100;"2x3";2;1002;2;2;1
2101;"4x7";2;1002;2;2;1
2102;"5x3";2;1002;2;2;1
2103;"5x1";2;1002;2;2;1
2104;"3x7";2;1002;2;2;1
2105;"3x7";2;1002;2;2;1
2106;"3x2";2;1002;2;2;1
2107;"5x7";2;1002;2;2;1
2108;"4x7";2;1002;2;2;1
2109;"3x5";2;1002;2;2;1
2110;"5x7";2;1002;2;2;1
2111;"4x7";2;1002;2;2;1
2112;"2x3";2;1002;2;2;1
2113;"2x3";2;1002;2;2;1
2114;"5x3";2;1002;2;2;1
2115;"5x3";2;1002;2;2;1
2116;"2x2";2;1002;2;2;1
2117;"4x2";2;1002;2;2;1
2118;"4x2";2;1002;2;2;1
2119;"4x2";2;1002;2;2;1
2120;"5x3";2;1002;2;2;1
2121;"5x7";2;1002;2;2;1
2122;"3x5";2;1002;2;2;1
2123;"5x5";2;1002;2;2;1
2124;"4x7";2;1002;2;2;1
2125;"5x7";2;1002;2;2;1
2126;"2x7";2;1002;2;2;1
2127;"5x7";2;1002;2;2;1
2128;"4x7";2;1002;2;2;1
2129;"4x7";2;1002;2;2;1
2130;"5x7";2;1002;2;2;1
2131;"1x7";2;1002;2;2;1
2132;"4x7";2;1002;2;2;1
2133;"5x2";2;1002;2;2;1
2134;"6x7";2;1002;2;2;1
2135;"4x4";2;1002;2;2;1
2136;"5x5";2;1002;2;2;1
2137;"4x3";2;1002;2;2;1
2138;"1x1";2;1002;2;2;1
2139;"6x7";2;1002;2;2;1
2140;"4x1";2;1002;2;2;1
2141;"5x4";2;1002;2;2;1
2142;"3x5";2;1002;2;2;1
2143;"4x5";2;1002;2;2;1
2144;"4x5";2;1002;2;2;1
2145;"2x3";2;1002;2;2;1
2146;"3x6";2;1002;2;2;1
2147;"4x7";2;1002;2;2;1
2148;"2x2";2;1002;2;2;1
2149;"2x2";2;1002;2;2;1
2150;"4x5";2;1002;2;2;1
2151;"5x4";2;1002;2;2;1
2152;"5x5";2;1002;2;2;1
2153;"5x7";2;1002;2;2;1
2154;"5x7";2;1002;2;2;1
2155;"5x7";2;1002;2;2;1
2156;"4x7";2;1002;2;2;1
2157;"4x7";2;1002;2;2;1
2158;"4x7";2;1002;2;2;1
2159;"4x7";2;1002;2;2;1
2160;"4x7";2;1002;2;2;1
2161;"4x7";2;1002;2;2;1
2162;"4x7";2;1002;2;2;1
2163;"5x7";2;1002;2;2;1
2164;"4x7";2;1002;2;2;1
2165;"4x7";2;1002;2;2;1
2166;"4x7";2;1002;2;2;1
2167;"4x7";2;1002;2;2;1
2168;"4x7";2;1002;2;2;1
2169;"4x7";2;1002;2;2;1
2170;"4x7";2;1002;2;2;1
2171;"3x7";2;1002;2;2;1
2172;"3x7";2;1002;2;2;1
2173;"5x7";2;1002;2;2;1
2174;"4x7";2;1002;2;2;1
2175;"4x7";2;1002;2;2;1
2176;"4x7";2;1002;2;2;1
2177;"4x7";2;1002;2;2;1
2178;"4x7";2;1002;2;2;1
2179;"4x7";2;1002;2;2;1
2180;"5x5";2;1002;2;2;1
2181;"5x7";2;1002;2;2;1
2182;"4x7";2;1002;2;2;1
2183;"4x7";2;1002;2;2;1
2184;"4x7";2;1002;2;2;1
2185;"4x7";2;1002;2;2;1
2186;"5x7";2;1002;2;2;1
2187;"4x6";2;1002;2;2;1
2188;"4x7";2;1002;2;2;1
2189;"4x7";2;1002;2;2;1
2190;"4x7";2;1002;2;2;1
2191;"4x7";2;1002;2;2;1
2192;"4x7";2;1002;2;2;1
2193;"4x7";2;1002;2;2;1
2194;"4x7";2;1002;2;2;1
2195;"5x5";2;1002;2;2;1
2196;"4x6";2;1002;2;2;1
2197;"4x7";2;1002;2;2;1
2198;"4x7";2;1002;2;2;1
2199;"4x7";2;1002;2;2;1
2200;"4x7";2;1002;2;2;1
2201;"4x7";2;1002;2;2;1
2202;"3x7";2;1002;2;2;1
2203;"3x7";2;1002;2;2;1
2204;"3x7";2;1002;2;2;1
2205;"4x7";2;1002;2;2;1
2206;"4x7";2;1002;2;2;1
2207;"4x7";2;1002;2;2;1
2208;"4x7";2;1002;2;2;1
2209;"4x7";2;1002;2;2;1
2210;"4x6";2;1002;2;2;1
2211;"4x6";2;1002;2;2;1
2212;"3x5";2;1002;2;2;1
2213;"5x5";2;1002;2;2;1
2214;"4x7";2;1002;2;2;1
2215;"4x7";2;1002;2;2;1
2216;"4x7";2;1002;2;2;1
2217;"4x6";2;1002;2;2;1
2218;"4x7";2;1002;2;2;1
2219;"4x7";2;1002;2;2;1
2220;"4x7";2;1002;2;2;1
2221;"1x1";2;1002;2;2;1
2000;"CH0014";2;1002;2;2;2
2001;"CH0015";2;1002;2;2;2
2002;"CH001E";2;1002;2;2;2
2003;"CH001F";2;1002;2;2;2
2004;"CH0020";2;1002;2;2;2
2005;"CH0021";2;1002;2;2;2
2006;"CH0022";2;1002;2;2;2
2007;"CH0023";2;1002;2;2;2
2008;"CH0024";2;1002;2;2;2
2009;"CH0025";2;1002;2;2;2
2010;"CH0026";2;1002;2;2;2
2011;"CH0027";2;1002;2;2;2
2012;"CH0028";2;1002;2;2;2
2013;"CH0029";2;1002;2;2;2
2014;"CH002A";2;1002;2;2;2
2015;"CH002B";2;1002;2;2;2
2016;"CH002C";2;1002;2;2;2
2017;"CH002D";2;1002;2;2;2
2018;"CH002E";2;1002;2;2;2
2019;"CH002F";2;1002;2;2;2
2020;"CH0030";2;1002;2;2;2
2021;"CH0031";2;1002;2;2;2
2022;"CH0032";2;1002;2;2;2
2023;"CH0033";2;1002;2;2;2
2024;"CH0034";2;1002;2;2;2
2025;"CH0035";2;1002;2;2;2
2026;"CH0036";2;1002;2;2;2
2027;"CH0037";2;1002;2;2;2
2028;"CH0038";2;1002;2;2;2
2029;"CH0039";2;1002;2;2;2
2030;"CH003A";2;1002;2;2;2
2031;"CH003B";2;1002;2;2;2
2032;"CH003C";2;1002;2;2;2
2033;"CH003D";2;1002;2;2;2
2034;"CH003E";2;1002;2;2;2
2035;"CH003F";2;1002;2;2;2
2036;"CH0040";2;1002;2;2;2
2037;"CH0041";2;1002;2;2;2
2038;"CH0042";2;1002;2;2;2
2039;"CH0043";2;1002;2;2;2
2040;"CH0044";2;1002;2;2;2
2041;"CH0045";2;1002;2;2;2
2042;"CH0046";2;1002;2;2;2
2043;"CH0047";2;1002;2;2;2
2044;"CH0048";2;1002;2;2;2
2045;"CH0049";2;1002;2;2;2
2046;"CH004A";2;1002;2;2;2
2047;"CH004B";2;1002;2;2;2
2048;"CH004C";2;1002;2;2;2
2049;"CH004D";2;1002;2;2;2
2050;"CH004E";2;1002;2;2;2
2051;"CH004F";2;1002;2;2;2
2052;"CH0050";2;1002;2;2;2
2053;"CH0051";2;1002;2;2;2
2054;"CH0052";2;1002;2;2;2
2055;"CH0053";2;1002;2;2;2
2056;"CH0054";2;1002;2;2;2
2057;"CH0055";2;1002;2;2;2
2058;"CH0056";2;1002;2;2;2
2059;"CH0057";2;1002;2;2;2
2060;"CH0058";2;1002;2;2;2
2061;"CH0059";2;1002;2;2;2
2062;"CH005A";2;1002;2;2;2
2063;"CH005B";2;1002;2;2;2
2064;"CH005C";2;1002;2;2;2
2065;"CH005D";2;1002;2;2;2
2066;"CH005E";2;1002;2;2;2
2067;"CH005F";2;1002;2;2;2
2068;"CH0060";2;1002;2;2;2
2069;"CH0061";2;1002;2;2;2
2070;"CH0062";2;1002;2;2;2
2071;"CH0063";2;1002;2;2;2
2072;"CH0064";2;1002;2;2;2
2073;"CH0065";2;1002;2;2;2
2074;"CH0066";2;1002;2;2;2
2075;"CH0067";2;1002;2;2;2
2076;"CH0068";2;1002;2;2;2
2077;"CH0069";2;1002;2;2;2
2078;"CH006A";2;1002;2;2;2
2079;"CH006B";2;1002;2;2;2
2080;"CH006C";2;1002;2;2;2
2081;"CH006D";2;1002;2;2;2
2082;"CH006E";2;1002;2;2;2
2083;"CH006F";2;1002;2;2;2
2084;"CH0070";2;1002;2;2;2
2085;"CH0071";2;1002;2;2;2
2086;"CH0072";2;1002;2;2;2
2087;"CH0073";2;1002;2;2;2
2088;"CH0074";2;1002;2;2;2
2089;"CH0075";2;1002;2;2;2
2090;"CH0076";2;1002;2;2;2
2091;"CH0077";2;1002;2;2;2
2092;"CH0078";2;1002;2;2;2
2093;"CH0079";2;1002;2;2;2
2094;"CH007A";2;1002;2;2;2
2095;"CH007B";2;1002;2;2;2
2096;"CH007C";2;1002;2;2;2
2097;"CH007D";2;1002;2;2;2
2098;"CH007E";2;1002;2;2;2
2099;"CH0080";2;1002;2;2;2
2100;"CH0082";2;1002;2;2;2
2101;"CH0083";2;1002;2;2;2
2102;"CH0084";2;1002;2;2;2
2103;"CH0085";2;1002;2;2;2
2104;"CH0086";2;1002;2;2;2
2105;"CH0087";2;1002;2;2;2
2106;"CH0088";2;1002;2;2;2
2107;"CH0089";2;1002;2;2;2
2108;"CH008A";2;1002;2;2;2
2109;"CH008B";2;1002;2;2;2
2110;"CH008C";2;1002;2;2;2
2111;"CH008E";2;1002;2;2;2
2112;"CH0091";2;1002;2;2;2
2113;"CH0092";2;1002;2;2;2
2114;"CH0093";2;1002;2;2;2
2115;"CH0094";2;1002;2;2;2
2116;"CH0095";2;1002;2;2;2
2117;"CH0096";2;1002;2;2;2
2118;"CH0097";2;1002;2;2;2
2119;"CH0098";2;1002;2;2;2
2120;"CH0099";2;1002;2;2;2
2121;"CH009A";2;1002;2;2;2
2122;"CH009B";2;1002;2;2;2
2123;"CH009C";2;1002;2;2;2
2124;"CH009E";2;1002;2;2;2
2125;"CH009F";2;1002;2;2;2
2126;"CH00A1";2;1002;2;2;2
2127;"CH00A2";2;1002;2;2;2
2128;"CH00A3";2;1002;2;2;2
2129;"CH00A4";2;1002;2;2;2
2130;"CH00A5";2;1002;2;2;2
2131;"CH00A6";2;1002;2;2;2
2132;"CH00A7";2;1002;2;2;2
2133;"CH00A8";2;1002;2;2;2
2134;"CH00A9";2;1002;2;2;2
2135;"CH00AA";2;1002;2;2;2
2136;"CH00AB";2;1002;2;2;2
2137;"CH00AC";2;1002;2;2;2
2138;"CH00AD";2;1002;2;2;2
2139;"CH00AE";2;1002;2;2;2
2140;"CH00AF";2;1002;2;2;2
2141;"CH00B0";2;1002;2;2;2
2142;"CH00B1";2;1002;2;2;2
2143;"CH00B2";2;1002;2;2;2
2144;"CH00B3";2;1002;2;2;2
2145;"CH00B4";2;1002;2;2;2
2146;"CH00B5";2;1002;2;2;2
2147;"CH00B6";2;1002;2;2;2
2148;"CH00B7";2;1002;2;2;2
2149;"CH00B8";2;1002;2;2;2
2150;"CH00B9";2;1002;2;2;2
2151;"CH00BA";2;1002;2;2;2
2152;"CH00BB";2;1002;2;2;2
2153;"CH00BC";2;1002;2;2;2
2154;"CH00BD";2;1002;2;2;2
2155;"CH00BE";2;1002;2;2;2
2156;"CH00BF";2;1002;2;2;2
2157;"CH00C0";2;1002;2;2;2
2158;"CH00C1";2;1002;2;2;2
2159;"CH00C2";2;1002;2;2;2
2160;"CH00C3";2;1002;2;2;2
2161;"CH00C4";2;1002;2;2;2
2162;"CH00C5";2;1002;2;2;2
2163;"CH00C6";2;1002;2;2;2
2164;"CH00C7";2;1002;2;2;2
2165;"CH00C8";2;1002;2;2;2
2166;"CH00C9";2;1002;2;2;2
2167;"CH00CA";2;1002;2;2;2
2168;"CH00CB";2;1002;2;2;2
2169;"CH00CC";2;1002;2;2;2
2170;"CH00CD";2;1002;2;2;2
2171;"CH00CE";2;1002;2;2;2
2172;"CH00CF";2;1002;2;2;2
2173;"CH00D0";2;1002;2;2;2
2174;"CH00D1";2;1002;2;2;2
2175;"CH00D2";2;1002;2;2;2
2176;"CH00D3";2;1002;2;2;2
2177;"CH00D4";2;1002;2;2;2
2178;"CH00D5";2;1002;2;2;2
2179;"CH00D6";2;1002;2;2;2
2180;"CH00D7";2;1002;2;2;2
2181;"CH00D8";2;1002;2;2;2
2182;"CH00D9";2;1002;2;2;2
2183;"CH00DA";2;1002;2;2;2
2184;"CH00DB";2;1002;2;2;2
2185;"CH00DC";2;1002;2;2;2
2186;"CH00DD";2;1002;2;2;2
2187;"CH00DE";2;1002;2;2;2
2188;"CH00DF";2;1002;2;2;2
2189;"CH00E0";2;1002;2;2;2
2190;"CH00E1";2;1002;2;2;2
2191;"CH00E2";2;1002;2;2;2
2192;"CH00E3";2;1002;2;2;2
2193;"CH00E4";2;1002;2;2;2
2194;"CH00E5";2;1002;2;2;2
2195;"CH00E6";2;1002;2;2;2
2196;"CH00E7";2;1002;2;2;2
2197;"CH00E8";2;1002;2;2;2
2198;"CH00E9";2;1002;2;2;2
2199;"CH00EA";2;1002;2;2;2
2200;"CH00EB";2;1002;2;2;2
2201;"CH00EC";2;1002;2;2;2
2202;"CH00ED";2;1002;2;2;2
2203;"CH00EE";2;1002;2;2;2
2204;"CH00EF";2;1002;2;2;2
2205;"CH00F0";2;1002;2;2;2
2206;"CH00F1";2;1002;2;2;2
2207;"CH00F2";2;1002;2;2;2
2208;"CH00F3";2;1002;2;2;2
2209;"CH00F4";2;1002;2;2;2
2210;"CH00F5";2;1002;2;2;2
2211;"CH00F6";2;1002;2;2;2
2212;"CH00F7";2;1002;2;2;2
2213;"CH00F8";2;1002;2;2;2
2214;"CH00F9";2;1002;2;2;2
2215;"CH00FA";2;1002;2;2;2
2216;"CH00FB";2;1002;2;2;2
2217;"CH00FC";2;1002;2;2;2
2218;"CH00FD";2;1002;2;2;2
2219;"CH00FE";2;1002;2;2;2
2220;"CH00FF";2;1002;2;2;2
2221;"CH2191";2;1002;2;2;2