alias;command;offset;;;;
RV-BAR-1CA;bar_cmd;8001;;;Measures (1-8000);Port 502
RV-BAR-2CA;bar_cmd;8002;;;Commands(8001-10000);Port 502
RV-BAR-1MA;bar_cmd;8003;;;Alarms (1-5000);Port 503
RV-BAR-2MA;bar_cmd;8004;;;;
MM-BAR-1CA;bar_cmd;8005;;;;
MM-BAR-2CA;bar_cmd;8006;;;;
MM-BAR-1MA;bar_cmd;8007;;;;
MM-BAR-2MA;bar_cmd;8008;;;;
STMI-BAR-1MA;bar_cmd;8009;;;;
STMI-BAR-2MA;bar_cmd;8010;;;;
STMI-BAR-1CA;bar_cmd;8011;;;;
STMI-BAR-2CA;bar_cmd;8012;;;;
CH-BAR-1MA;bar_cmd;8013;;;;
CH-BAR-2MA;bar_cmd;8014;;;;
CH-BAR-1CA;bar_cmd;8015;;;;
CH-BAR-2CA;bar_cmd;8016;;;;
LQ-BAR-1CA;bar_cmd;8017;;;;
LQ-BAR-2CA;bar_cmd;8018;;;;
LQ-BAR-1MA;bar_cmd;8019;;;;
LQ-BAR-2MA;bar_cmd;8020;;;;
COR-BAR-1CA;bar_cmd;8021;;;;
COR-BAR-2CA;bar_cmd;8022;;;;
COR-BAR-1MA;bar_cmd;8023;;;;
COR-BAR-2MA;bar_cmd;8024;;;;
EST-BAR-1CA;bar_cmd;8025;;;;
EST-BAR-2CA;bar_cmd;8026;;;;
EST-BAR-1MA;bar_cmd;8027;;;;
EST-BAR-2MA;bar_cmd;8028;;;;
NG-BAR-1CA;bar_cmd;8029;;;;
NG-BAR-2CA;bar_cmd;8030;;;;
NG-BAR-1MA;bar_cmd;8031;;;;
NG-BAR-2MA;bar_cmd;8032;;;;
STM2-BAR-1MA;bar_cmd;8033;;;;
STM2-BAR-2MA;bar_cmd;8034;;;;
STM2-BAR-1CA;bar_cmd;8035;;;;
STM2-BAR-2CA;bar_cmd;8036;;;;
CAS-BAR-1MA;bar_cmd;8037;;;;
CAS-BAR-2MA;bar_cmd;8038;;;;
CAS-BAR-1CA;bar_cmd;8039;;;;
CAS-BAR-2CA;bar_cmd;8040;;;;
RESERVED;RESERVED;8041;;;;
RESERVED;RESERVED;8042;;;;
RESERVED;RESERVED;8043;;;;
RESERVED;RESERVED;8044;;;;
RESERVED;RESERVED;8045;;;;
RESERVED;RESERVED;8046;;;;
RESERVED;RESERVED;8047;;;;
RESERVED;RESERVED;8048;;;;
RESERVED;RESERVED;8049;;;;
RV-VENT-VF1-CA;fan_cmd;8050;;;;
RV-VENT-VF2-CA;fan_cmd;8051;;;;
RV-VENT-VF3-CA;fan_cmd;8052;;;;
RV-VENT-VF4-CA;fan_cmd;8053;;;;
RV-VENT-VF1-MA;fan_cmd;8054;;;;
RV-VENT-VF2-MA;fan_cmd;8055;;;;
RV-VENT-VF3-MA;fan_cmd;8056;;;;
RV-VENT-VF4-MA;fan_cmd;8057;;;;
RV-VENT-VF5-MA;fan_cmd;8058;;;;
RV-VENT-VF6-MA;fan_cmd;8059;;;;
MM-VENT-VF1-CA;fan_cmd;8060;;;;
MM-VENT-VF2-CA;fan_cmd;8061;;;;
MM-VENT-VF3-CA;fan_cmd;8062;;;;
MM-VENT-VF4-CA;fan_cmd;8063;;;;
MM-VENT-VF5-CA;fan_cmd;8064;;;;
MM-VENT-VF6-CA;fan_cmd;8065;;;;
MM-VENT-VF7-CA;fan_cmd;8066;;;;
MM-VENT-VF8-CA;fan_cmd;8067;;;;
MM-VENT-VF1-MA;fan_cmd;8068;;;;
MM-VENT-VF2-MA;fan_cmd;8069;;;;
MM-VENT-VF3-MA;fan_cmd;8070;;;;
MM-VENT-VF4-MA;fan_cmd;8071;;;;
MM-VENT-VF5-MA;fan_cmd;8072;;;;
MM-VENT-VF6-MA;fan_cmd;8073;;;;
CAS-VENT-VF1-MA;fan_cmd;8074;;;;
CAS-VENT-VF2-MA;fan_cmd;8075;;;;
CAS-VENT-VF3-MA;fan_cmd;8076;;;;
CAS-VENT-VF4-MA;fan_cmd;8077;;;;
CAS-VENT-VF5-MA;fan_cmd;8078;;;;
CAS-VENT-VF6-MA;fan_cmd;8079;;;;
CAS-VENT-VF7-MA;fan_cmd;8080;;;;
CAS-VENT-VF8-MA;fan_cmd;8081;;;;
CAS-VENT-VF9-MA;fan_cmd;8082;;;;
CAS-VENT-VF10-MA;fan_cmd;8083;;;;
CAS-VENT-VF1-CA;fan_cmd;8084;;;;
CAS-VENT-VF2-CA;fan_cmd;8085;;;;
CAS-VENT-VF3-CA;fan_cmd;8086;;;;
CAS-VENT-VF4-CA;fan_cmd;8087;;;;
CAS-VENT-VF5-CA;fan_cmd;8088;;;;
CAS-VENT-VF6-CA;fan_cmd;8089;;;;
CAS-VENT-VF7-CA;fan_cmd;8090;;;;
CAS-VENT-VF8-CA;fan_cmd;8091;;;;
COR-VENT-VF1-CA;fan_cmd;8092;;;;
COR-VENT-VF2-CA;fan_cmd;8093;;;;
COR-VENT-VF3-CA;fan_cmd;8094;;;;
COR-VENT-VF4-CA;fan_cmd;8095;;;;
COR-VENT-VF5-CA;fan_cmd;8096;;;;
COR-VENT-VF6-CA;fan_cmd;8097;;;;
COR-VENT-VF7-CA;fan_cmd;8098;;;;
COR-VENT-VF8-CA;fan_cmd;8099;;;;
COR-VENT-VF1-MA;fan_cmd;8100;;;;
COR-VENT-VF2-MA;fan_cmd;8101;;;;
COR-VENT-VF3-MA;fan_cmd;8102;;;;
COR-VENT-VF4-MA;fan_cmd;8103;;;;
COR-VENT-VF5-MA;fan_cmd;8104;;;;
COR-VENT-VF6-MA;fan_cmd;8105;;;;
COR-VENT-VF7-MA;fan_cmd;8106;;;;
COR-VENT-VF8-MA;fan_cmd;8107;;;;
COR-VENT-VF9-MA;fan_cmd;8108;;;;
COR-VENT-VF10-MA;fan_cmd;8109;;;;
CH-VENT-VF1-CA;fan_cmd;8110;;;;
CH-VENT-VF2-CA;fan_cmd;8111;;;;
CH-VENT-VF3-CA;fan_cmd;8112;;;;
CH-VENT-VF4-CA;fan_cmd;8113;;;;
CH-VENT-VF5-CA;fan_cmd;8114;;;;
CH-VENT-VF6-CA;fan_cmd;8115;;;;
CH-VENT-VF7-CA;fan_cmd;8116;;;;
CH-VENT-VF8-CA;fan_cmd;8117;;;;
CH-VENT-VF1-MA;fan_cmd;8118;;;;
CH-VENT-VF2-MA;fan_cmd;8119;;;;
CH-VENT-VF3-MA;fan_cmd;8120;;;;
CH-VENT-VF4-MA;fan_cmd;8121;;;;
CH-VENT-VF5-MA;fan_cmd;8122;;;;
CH-VENT-VF6-MA;fan_cmd;8123;;;;
CH-VENT-VF7-MA;fan_cmd;8124;;;;
CH-VENT-VF8-MA;fan_cmd;8125;;;;
NG-VENT-VF1-CA;fan_cmd;8126;;;;
NG-VENT-VF2-CA;fan_cmd;8127;;;;
NG-VENT-VF3-CA;fan_cmd;8128;;;;
NG-VENT-VF4-CA;fan_cmd;8129;;;;
NG-VENT-VF5-CA;fan_cmd;8130;;;;
NG-VENT-VF6-CA;fan_cmd;8131;;;;
NG-VENT-VF7-CA;fan_cmd;8132;;;;
NG-VENT-VF8-CA;fan_cmd;8133;;;;
NG-VENT-VF1-MA;fan_cmd;8134;;;;
NG-VENT-VF2-MA;fan_cmd;8135;;;;
NG-VENT-VF3-MA;fan_cmd;8136;;;;
NG-VENT-VF4-MA;fan_cmd;8137;;;;
NG-VENT-VF5-MA;fan_cmd;8138;;;;
NG-VENT-VF6-MA;fan_cmd;8139;;;;
LQ-VENT-VF1-CA;fan_cmd;8140;;;;
LQ-VENT-VF2-CA;fan_cmd;8141;;;;
LQ-VENT-VF3-CA;fan_cmd;8142;;;;
LQ-VENT-VF4-CA;fan_cmd;8143;;;;
LQ-VENT-VF5-CA;fan_cmd;8144;;;;
LQ-VENT-VF6-CA;fan_cmd;8145;;;;
LQ-VENT-VF7-CA;fan_cmd;8146;;;;
LQ-VENT-VF8-CA;fan_cmd;8147;;;;
LQ-VENT-VF9-CA;fan_cmd;8148;;;;
LQ-VENT-VF10-CA;fan_cmd;8149;;;;
LQ-VENT-VF11-CA;fan_cmd;8150;;;;
LQ-VENT-VF12-CA;fan_cmd;8151;;;;
LQ-VENT-VF13-CA;fan_cmd;8152;;;;
LQ-VENT-VF14-CA;fan_cmd;8153;;;;
LQ-VENT-VF15-CA;fan_cmd;8154;;;;
LQ-VENT-VF16-CA;fan_cmd;8155;;;;
LQ-VENT-VF1-MA;fan_cmd;8156;;;;
LQ-VENT-VF2-MA;fan_cmd;8157;;;;
LQ-VENT-VF3-MA;fan_cmd;8158;;;;
LQ-VENT-VF4-MA;fan_cmd;8159;;;;
LQ-VENT-VF5-MA;fan_cmd;8160;;;;
LQ-VENT-VF6-MA;fan_cmd;8161;;;;
LQ-VENT-VF7-MA;fan_cmd;8162;;;;
LQ-VENT-VF8-MA;fan_cmd;8163;;;;
LQ-VENT-VF9-MA;fan_cmd;8164;;;;
LQ-VENT-VF10-MA;fan_cmd;8165;;;;
STM2-VENT-VF1-CA;fan_cmd;8166;;;;
STM2-VENT-VF2-CA;fan_cmd;8167;;;;
STM2-VENT-VF3-CA;fan_cmd;8168;;;;
STM2-VENT-VF4-CA;fan_cmd;8169;;;;
STM2-VENT-VF5-CA;fan_cmd;8170;;;;
STM2-VENT-VF6-CA;fan_cmd;8171;;;;
STM2-VENT-VF1-MA;fan_cmd;8172;;;;
STM2-VENT-VF2-MA;fan_cmd;8173;;;;
STM2-VENT-VF3-MA;fan_cmd;8174;;;;
STM2-VENT-VF4-MA;fan_cmd;8175;;;;
STM2-VENT-VF5-MA;fan_cmd;8176;;;;
STM2-VENT-VF6-MA;fan_cmd;8177;;;;
RESERVED;RESERVED;8178;;;;
RESERVED;RESERVED;8179;;;;
RV-SMF-RAV-1CA;sem_cmd;8180;;;;
RV-SMF-RAV-1MA;sem_cmd;8181;;;;
MM-SMF-RAV-1CA;sem_cmd;8182;;;;
MM-SMF-RAV-1MA;sem_cmd;8183;;;;
STMI-SMF-RAV-1CA;sem_cmd;8184;;;;
STMI-SMF-RAV-1MA;sem_cmd;8185;;;;
LQ-SMF-RAV-1MA;sem_cmd;8186;;;;
LQ-SMF-RAV-1CA;sem_cmd;8187;;;;
CH-SMF-RAV-1MA;sem_cmd;8188;;;;
CH-SMF-RAV-1CA;sem_cmd;8189;;;;
CAS-SMF-RAV-1CA;sem_cmd;8190;;;;
CAS-SMF-RAV-2CA;sem_cmd;8191;;;;
CAS-SMF-RAV-3CA;sem_cmd;8192;;;;
CAS-SMF-RAV-4CA;sem_cmd;8193;;;;
CAS-SMF-RAV-1MA;sem_cmd;8194;;;;
CAS-SMF-RAV-2MA;sem_cmd;8195;;;;
CAS-SMF-RAV-3MA;sem_cmd;8196;;;;
CAS-SMF-RAV-4MA;sem_cmd;8197;;;;
COR-SMF-RAV-1MA;sem_cmd;8198;;;;
COR-SMF-RAV-2MA;sem_cmd;8199;;;;
COR-SMF-RAV-3MA;sem_cmd;8200;;;;
COR-SMF-RAV-1CA;sem_cmd;8201;;;;
COR-SMF-RAV-2CA;sem_cmd;8202;;;;
COR-SMF-RAV-3CA;sem_cmd;8203;;;;
EST-SMF-RAV-1MA;sem_cmd;8204;;;;
EST-SMF-RAV-1CA;sem_cmd;8205;;;;
STM2-SMF-RAV-1MA;sem_cmd;8206;;;;
STM2-SMF-RAV-1CA;sem_cmd;8207;;;;
STM2-SMF-RAV-2MA;sem_cmd;8208;;;;
STM2-SMF-RAV-2CA;sem_cmd;8209;;;;
NG-SMF-RAV-1MA;sem_cmd;8210;;;;
NG-SMF-RAV-2MA;sem_cmd;8211;;;;
NG-SMF-RAV-3MA;sem_cmd;8212;;;;
NG-SMF-RAV-4MA;sem_cmd;8213;;;;
NG-SMF-RAV-1CA;sem_cmd;8214;;;;
NG-SMF-RAV-2CA;sem_cmd;8215;;;;
NG-SMF-RAV-3CA;sem_cmd;8216;;;;
NG-SMF-RAV-4CA;sem_cmd;8217;;;;
RESERVED;RESERVED;8218;;;;
RESERVED;RESERVED;8219;;;;
RV-SMF-AA-1CA;sem_cmd;8220;;;;
RV-SMF-AA-1MA;sem_cmd;8221;;;;
RV-SMF-RR-1CA;sem_cmd;8222;;;;
RV-SMF-RR-1MA;sem_cmd;8223;;;;
MM-SMF-AA-1CA;sem_cmd;8224;;;;
MM-SMF-AA-1MA;sem_cmd;8225;;;;
MM-SMF-RR-1CA;sem_cmd;8226;;;;
MM-SMF-RR-1MA;sem_cmd;8227;;;;
LQ-SMF-AA-1MA;sem_cmd;8228;;;;
LQ-SMF-AA-2MA;sem_cmd;8229;;;;
LQ-SMF-AA-1CA;sem_cmd;8230;;;;
LQ-SMF-RR-1MA;sem_cmd;8231;;;;
LQ-SMF-RR-1CA;sem_cmd;8232;;;;
CH-SMF-AA-1MA;sem_cmd;8233;;;;
CH-SMF-AA-1CA;sem_cmd;8234;;;;
CH-SMF-RR-1MA;sem_cmd;8235;;;;
CH-SMF-RR-1CA;sem_cmd;8236;;;;
CAS-SMF-AA-CA;sem_cmd;8237;;;;
CAS-SMF-AA-MA;sem_cmd;8238;;;;
COR-SMF-AA-1CA;sem_cmd;8239;;;;
COR-SMF-AA-1MA;sem_cmd;8240;;;;
STM2-SMF-AA-1MA;sem_cmd;8241;;;;
STM2-SMF-AA-1CA;sem_cmd;8242;;;;
NG-SMF-AA-1MA;sem_cmd;8243;;;;
NG-SMF-AA-1CA;sem_cmd;8244;;;;
RESERVED;RESERVED;8245;;;;
RESERVED;RESERVED;8246;;;;
RESERVED;RESERVED;8247;;;;
RESERVED;RESERVED;8248;;;;
RESERVED;RESERVED;8249;;;;
RV-CONT-A3;state_cmd;8250;;;;
RV-CONT-A4;state_cmd;8251;;;;
RV-CONT-A5;state_cmd;8252;;;;
RV-CONT-A6;state_cmd;8253;;;;
RV-CONT-A10;state_cmd;8254;;;;
RV-CONT-A11;state_cmd;8255;;;;
RV-CONT-A12;state_cmd;8256;;;;
RV-CONT-A13;state_cmd;8257;;;;
RV-CONT-A15-SC;state_cmd;8258;;;;
RV-CONT-A17-SM;state_cmd;8259;;;;
RV-CONT-A16-SC;state_cmd;8260;;;;
RV-CONT-A18-SM;state_cmd;8261;;;;
RV-CONT-AA9-SC;state_cmd;8262;;;;
RV-CONT-AA8-SC;state_cmd;8263;;;;
RV-CONT-AA2-SM;state_cmd;8264;;;;
RV-CONT-AA1-SM;state_cmd;8265;;;;
RV-CONT-AE7-SM;state_cmd;8266;;;;
RV-CONT-AE14-SC;state_cmd;8267;;;;
RV-CONT-AE15-SC;state_cmd;8268;;;;
RV-CONT-AE16-SM;state_cmd;8269;;;;
MM-CONT-A9-SC;state_cmd;8270;;;;
MM-CONT-A11-SC;state_cmd;8271;;;;
MM-CONT-A12-SC;state_cmd;8272;;;;
MM-CONT-A14-SC;state_cmd;8273;;;;
MM-CONT-A4-SM;state_cmd;8274;;;;
MM-CONT-A6-SM;state_cmd;8275;;;;
MM-CONT-A3-SM;state_cmd;8276;;;;
MM-CONT-A5-SM;state_cmd;8277;;;;
MM-CONT-AA7-SC;state_cmd;8278;;;;
MM-CONT-AA10-SC;state_cmd;8279;;;;
MM-CONT-AA2-SM;state_cmd;8280;;;;
MM-CONT-AA1-SM;state_cmd;8281;;;;
MM-CONT-AE13-SM;state_cmd;8282;;;;
MM-CONT-AE16-SC;state_cmd;8283;;;;
MM-CONT-AE17-SC;state_cmd;8284;;;;
MM-CONT-AE18-SM;state_cmd;8285;;;;
MM-CONT-A17-SC;state_cmd;8286;;;;
MM-CONT-A18-SC;state_cmd;8287;;;;
MM-CONT-A19-SM;state_cmd;8288;;;;
MM-CONT-A20-SM;state_cmd;8289;;;;
STMI-CONT-AA1-SC;state_cmd;8290;;;;
STMI-CONT-AA2-SC;state_cmd;8291;;;;
STMI-CONT-AA6-SM;state_cmd;8292;;;;
STMI-CONT-AA7-SM;state_cmd;8293;;;;
STMI-CONT-AE5-SC;state_cmd;8294;;;;
STMI-CONT-AE10-SM;state_cmd;8295;;;;
STMI-CONT-A11;state_cmd;8296;;;;
STMI-CONT-A12;state_cmd;8297;;;;
STMI-CONT-A13;state_cmd;8298;;;;
STMI-CONT-A14;state_cmd;8299;;;;
STMI-CONT-A3-SC;state_cmd;8300;;;;
STMI-CONT-A4-SC;state_cmd;8301;;;;
STMI-CONT-A8-SM;state_cmd;8302;;;;
STMI-CONT-A9-SM;state_cmd;8303;;;;
LQ-CONT-AA1-SC;state_cmd;8304;;;;
LQ-CONT-AA15-SC;state_cmd;8305;;;;
LQ-CONT-AA2-SC;state_cmd;8306;;;;
LQ-CONT-AA16-SC;state_cmd;8307;;;;
LQ-CONT-AA11-SM;state_cmd;8308;;;;
LQ-CONT-AA21-SM;state_cmd;8309;;;;
LQ-CONT-AA10-SM;state_cmd;8310;;;;
LQ-CONT-AA20-SM;state_cmd;8311;;;;
LQ-CONT-AE14-SM;state_cmd;8312;;;;
LQ-CONT-AE9-SC;state_cmd;8313;;;;
LQ-CONT-A29-SC;state_cmd;8314;;;;
LQ-CONT-A30-SC;state_cmd;8315;;;;
LQ-CONT-A31-SM;state_cmd;8316;;;;
LQ-CONT-A32-SM;state_cmd;8317;;;;
LQ-CONT-A3-SC;state_cmd;8318;;;;
LQ-CONT-A5-SC;state_cmd;8319;;;;
LQ-CONT-A4-SC;state_cmd;8320;;;;
LQ-CONT-A6-SC;state_cmd;8321;;;;
LQ-CONT-A13-SM;state_cmd;8322;;;;
LQ-CONT-A23-SM;state_cmd;8323;;;;
LQ-CONT-A12-SM;state_cmd;8324;;;;
LQ-CONT-A22-SM;state_cmd;8325;;;;
LQ-CONT-A33-SM;state_cmd;8326;;;;
LQ-CONT-A34-SM;state_cmd;8327;;;;
LQ-CONT-A35-SM;state_cmd;8328;;;;
LQ-CONT-A36-SM;state_cmd;8329;;;;
CH-CONT-A3-SC;state_cmd;8330;;;;
CH-CONT-A5-SC;state_cmd;8331;;;;
CH-CONT-A7-SC;state_cmd;8332;;;;
CH-CONT-A4-SC;state_cmd;8333;;;;
CH-CONT-A6-SC;state_cmd;8334;;;;
CH-CONT-A8-SC;state_cmd;8335;;;;
CH-CONT-A14-SM;state_cmd;8336;;;;
CH-CONT-A16-SM;state_cmd;8337;;;;
CH-CONT-A18-SM;state_cmd;8338;;;;
CH-CONT-A11-SM;state_cmd;8339;;;;
CH-CONT-A13-SM;state_cmd;8340;;;;
CH-CONT-A15-SM;state_cmd;8341;;;;
CH-CONT-AA1-SM;state_cmd;8342;;;;
CH-CONT-AA2-SM;state_cmd;8343;;;;
CH-CONT-AA12-SC;state_cmd;8344;;;;
CH-CONT-AA9-SC;state_cmd;8345;;;;
CH-CONT-AE10-SC;state_cmd;8346;;;;
CH-CONT-AE17-SM;state_cmd;8347;;;;
CH-CONT-A19-SC;state_cmd;8348;;;;
CH-CONT-A20-SC;state_cmd;8349;;;;
CH-CONT-A21-SM;state_cmd;8350;;;;
CH-CONT-A22-SM;state_cmd;8351;;;;
CAS-CONT-AA1-SC;state_cmd;8352;;;;
CAS-CONT-AA2-SC;state_cmd;8353;;;;
CAS-CONT-AA10-SM;state_cmd;8354;;;;
CAS-CONT-AA11-SM;state_cmd;8355;;;;
CAS-CONT-AE9-SM;state_cmd;8356;;;;
CAS-CONT-AE12-SC;state_cmd;8357;;;;
CAS-CONT-A15-SC;state_cmd;8358;;;;
CAS-CONT-A16-SM;state_cmd;8359;;;;
CAS-CONT-A3-SC;state_cmd;8360;;;;
CAS-CONT-A5-SC;state_cmd;8361;;;;
CAS-CONT-A4-SC;state_cmd;8362;;;;
CAS-CONT-A6-SC;state_cmd;8363;;;;
CAS-CONT-AA10-SC;state_cmd;8364;;;;
CAS-CONT-AA11-SC;state_cmd;8365;;;;
CAS-CONT-AA1-SM;state_cmd;8366;;;;
CAS-CONT-AA2-SM;state_cmd;8367;;;;
CAS-CONT-AE9-SC;state_cmd;8368;;;;
CAS-CONT-AE12-SM;state_cmd;8369;;;;
CAS-CONT-A13-SC;state_cmd;8370;;;;
CAS-CONT-A14-SM;state_cmd;8371;;;;
CAS-CONT-A3-SM;state_cmd;8372;;;;
CAS-CONT-A5-SM;state_cmd;8373;;;;
CAS-CONT-A4-SM;state_cmd;8374;;;;
CAS-CONT-A6-SM;state_cmd;8375;;;;
COR-CONT-A3-SM;state_cmd;8376;;;;
COR-CONT-A5-SM;state_cmd;8377;;;;
COR-CONT-A4-SM;state_cmd;8378;;;;
COR-CONT-A6-SM;state_cmd;8379;;;;
COR-CONT-AA12-SC;state_cmd;8380;;;;
COR-CONT-AA9-SC;state_cmd;8381;;;;
COR-CONT-AA1-SM;state_cmd;8382;;;;
COR-CONT-AA2-SM;state_cmd;8383;;;;
COR-CONT-AE10-SM;state_cmd;8384;;;;
COR-CONT-AE11-SC;state_cmd;8385;;;;
COR-CONT-A12-SC;state_cmd;8386;;;;
COR-CONT-A13-SM;state_cmd;8387;;;;
COR-CONT-A3-SC;state_cmd;8388;;;;
COR-CONT-A5-SC;state_cmd;8389;;;;
COR-CONT-A4-SC;state_cmd;8390;;;;
COR-CONT-A6-SC;state_cmd;8391;;;;
COR-CONT-AA1-SC;state_cmd;8392;;;;
COR-CONT-AA2-SC;state_cmd;8393;;;;
COR-CONT-AA12-SM;state_cmd;8394;;;;
COR-CONT-AA9-SM;state_cmd;8395;;;;
COR-CONT-AE10-SC;state_cmd;8396;;;;
COR-CONT-AE11-SM;state_cmd;8397;;;;
COR-CONT-A14-SC;state_cmd;8398;;;;
COR-CONT-A15-SM;state_cmd;8399;;;;
EST-CONT-AA1-SC;state_cmd;8400;;;;
EST-CONT-AA2-SC;state_cmd;8401;;;;
EST-CONT-AA6-SM;state_cmd;8402;;;;
EST-CONT-AA5-SM;state_cmd;8403;;;;
EST-CONT-AE9-SM;state_cmd;8404;;;;
EST-CONT-AE10-SC;state_cmd;8405;;;;
EST-CONT-A11-SC;state_cmd;8406;;;;
EST-CONT-A12-SC;state_cmd;8407;;;;
EST-CONT-A13-SM;state_cmd;8408;;;;
EST-CONT-A14-SM;state_cmd;8409;;;;
EST-CONT-A3-SC;state_cmd;8410;;;;
EST-CONT-A4-SC;state_cmd;8411;;;;
EST-CONT-A8-SM;state_cmd;8412;;;;
EST-CONT-A7-SM;state_cmd;8413;;;;
STM2-CONT-A9-SC;state_cmd;8414;;;;
STM2-CONT-A11-SC;state_cmd;8415;;;;
STM2-CONT-A10-SC;state_cmd;8416;;;;
STM2-CONT-A12-SC;state_cmd;8417;;;;
STM2-CONT-A4-SM;state_cmd;8418;;;;
STM2-CONT-A6-SM;state_cmd;8419;;;;
STM2-CONT-A3-SM;state_cmd;8420;;;;
STM2-CONT-A5-SM;state_cmd;8421;;;;
STM2-CONT-AA7-SC;state_cmd;8422;;;;
STM2-CONT-AA8-SC;state_cmd;8423;;;;
STM2-CONT-AA2-SM;state_cmd;8424;;;;
STM2-CONT-AA1-SM;state_cmd;8425;;;;
STM2-CONT-AE13-SM;state_cmd;8426;;;;
STM2-CONT-AE14-SC;state_cmd;8427;;;;
STM2-CONT-A15-SC;state_cmd;8428;;;;
STM2-CONT-A16-SC;state_cmd;8429;;;;
STM2-CONT-A17-SM;state_cmd;8430;;;;
STM2-CONT-A18-SM;state_cmd;8431;;;;
NG-CONT-A3-SC;state_cmd;8432;;;;
NG-CONT-A5-SC;state_cmd;8433;;;;
NG-CONT-A6-SC;state_cmd;8434;;;;
NG-CONT-A8-SC;state_cmd;8435;;;;
NG-CONT-A12-SM;state_cmd;8436;;;;
NG-CONT-A14-SM;state_cmd;8437;;;;
NG-CONT-A11-SM;state_cmd;8438;;;;
NG-CONT-A13-SM;state_cmd;8439;;;;
NG-CONT-A1-SC;state_cmd;8440;;;;
NG-CONT-A2-SM;state_cmd;8441;;;;
NG-CONT-AA1-SC;state_cmd;8442;;;;
NG-CONT-AA2-SC;state_cmd;8443;;;;
NG-CONT-AE4-SC;state_cmd;8444;;;;
NG-CONT-AA10-SM;state_cmd;8445;;;;
NG-CONT-AE7-SM;state_cmd;8446;;;;
NG-CONT-AA9-SM;state_cmd;8447;;;;
NG-CONT-A15-SC;state_cmd;8448;;;;
NG-CONT-A16-SM;state_cmd;8449;;;;
RV-CONT-BF15;state_cmd;8450;;;;
RV-CONT-BF30;state_cmd;8451;;;;
STMI-CONT-BF8;state_cmd;8452;;;;
STMI-CONT-BF9;state_cmd;8453;;;;
LQ-CONT-BF15;state_cmd;8454;;;;
LQ-CONT-BF16;state_cmd;8455;;;;
CH-CONT-BF15;state_cmd;8456;;;;
CH-CONT-BF29;state_cmd;8457;;;;
CAS-CONT-BF15-A;state_cmd;8458;;;;
CAS-CONT-BF15-B;state_cmd;8459;;;;
COR-CONT-BF15-A;state_cmd;8460;;;;
COR-CONT-BF15-B;state_cmd;8461;;;;
EST-CONT-BF8;state_cmd;8462;;;;
EST-CONT-BF9;state_cmd;8463;;;;
MM-CONT-BF15;state_cmd;8464;;;;
MM-CONT-BF30;state_cmd;8465;;;;
NG-CONT-BF15;state_cmd;8466;;;;
NG-CONT-CF4;state_cmd;8467;;;;
STM2-CONT-BF15;state_cmd;8468;;;;
STM2-CONT-BF36;state_cmd;8469;;;;
RESERVED;RESERVED;8470;;;;
RESERVED;RESERVED;8471;;;;
RESERVED;RESERVED;8472;;;;
RESERVED;RESERVED;8473;;;;
RESERVED;RESERVED;8474;;;;
RESERVED;RESERVED;8475;;;;
RESERVED;RESERVED;8476;;;;
RESERVED;RESERVED;8477;;;;
RESERVED;RESERVED;8478;;;;
RESERVED;RESERVED;8479;;;;
RESERVED;RESERVED;8480;;;;
RESERVED;RESERVED;8481;;;;
RESERVED;RESERVED;8482;;;;
RESERVED;RESERVED;8483;;;;
RESERVED;RESERVED;8484;;;;
RESERVED;RESERVED;8485;;;;
RESERVED;RESERVED;8486;;;;
RESERVED;RESERVED;8487;;;;
RESERVED;RESERVED;8488;;;;
RESERVED;RESERVED;8489;;;;
RESERVED;RESERVED;8490;;;;
RESERVED;RESERVED;8491;;;;
RESERVED;RESERVED;8492;;;;
RESERVED;RESERVED;8493;;;;
RESERVED;RESERVED;8494;;;;
RESERVED;RESERVED;8495;;;;
RESERVED;RESERVED;8496;;;;
RESERVED;RESERVED;8497;;;;
RESERVED;RESERVED;8498;;;;
RESERVED;RESERVED;8499;;;;
RESERVED;RESERVED;8500;;;;
RESERVED;RESERVED;8501;;;;
RESERVED;RESERVED;8502;;;;
RESERVED;RESERVED;8503;;;;
RESERVED;RESERVED;8504;;;;
RESERVED;RESERVED;8505;;;;
RESERVED;RESERVED;8506;;;;
RESERVED;RESERVED;8507;;;;
RESERVED;RESERVED;8508;;;;
RESERVED;RESERVED;8509;;;;
RESERVED;RESERVED;8510;;;;
RESERVED;RESERVED;8511;;;;
RESERVED;RESERVED;8512;;;;
RESERVED;RESERVED;8513;;;;
RESERVED;RESERVED;8514;;;;
RESERVED;RESERVED;8515;;;;
RESERVED;RESERVED;8516;;;;
RESERVED;RESERVED;8517;;;;
RESERVED;RESERVED;8518;;;;
RESERVED;RESERVED;8519;;;;
RESERVED;RESERVED;8520;;;;
RESERVED;RESERVED;8521;;;;
RESERVED;RESERVED;8522;;;;
RESERVED;RESERVED;8523;;;;
RESERVED;RESERVED;8524;;;;
RESERVED;RESERVED;8525;;;;
RESERVED;RESERVED;8526;;;;
RESERVED;RESERVED;8527;;;;
RESERVED;RESERVED;8528;;;;
RESERVED;RESERVED;8529;;;;
RESERVED;RESERVED;8530;;;;
RESERVED;RESERVED;8531;;;;
RESERVED;RESERVED;8532;;;;
RESERVED;RESERVED;8533;;;;
RESERVED;RESERVED;8534;;;;
RESERVED;RESERVED;8535;;;;
RESERVED;RESERVED;8536;;;;
RESERVED;RESERVED;8537;;;;
RESERVED;RESERVED;8538;;;;
RESERVED;RESERVED;8539;;;;
RESERVED;RESERVED;8540;;;;
RESERVED;RESERVED;8541;;;;
RESERVED;RESERVED;8542;;;;
RESERVED;RESERVED;8543;;;;
RESERVED;RESERVED;8544;;;;
RESERVED;RESERVED;8545;;;;
RESERVED;RESERVED;8546;;;;
RESERVED;RESERVED;8547;;;;
RESERVED;RESERVED;8548;;;;
RESERVED;RESERVED;8549;;;;
RESERVED;RESERVED;8550;;;;
RESERVED;RESERVED;8551;;;;
RESERVED;RESERVED;8552;;;;
RESERVED;RESERVED;8553;;;;
RESERVED;RESERVED;8554;;;;
RESERVED;RESERVED;8555;;;;
RESERVED;RESERVED;8556;;;;
RESERVED;RESERVED;8557;;;;
RESERVED;RESERVED;8558;;;;
RESERVED;RESERVED;8559;;;;
RESERVED;RESERVED;8560;;;;
RESERVED;RESERVED;8561;;;;
RESERVED;RESERVED;8562;;;;
RESERVED;RESERVED;8563;;;;
RESERVED;RESERVED;8564;;;;
RESERVED;RESERVED;8565;;;;
RESERVED;RESERVED;8566;;;;
RESERVED;RESERVED;8567;;;;
RESERVED;RESERVED;8568;;;;
RESERVED;RESERVED;8569;;;;
RESERVED;RESERVED;8570;;;;
RESERVED;RESERVED;8571;;;;
RESERVED;RESERVED;8572;;;;
RESERVED;RESERVED;8573;;;;
RESERVED;RESERVED;8574;;;;
RESERVED;RESERVED;8575;;;;
RESERVED;RESERVED;8576;;;;
RESERVED;RESERVED;8577;;;;
RESERVED;RESERVED;8578;;;;
RESERVED;RESERVED;8579;;;;
RESERVED;RESERVED;8580;;;;
RESERVED;RESERVED;8581;;;;
RESERVED;RESERVED;8582;;;;
RESERVED;RESERVED;8583;;;;
RESERVED;RESERVED;8584;;;;
RESERVED;RESERVED;8585;;;;
RESERVED;RESERVED;8586;;;;
RESERVED;RESERVED;8587;;;;
RESERVED;RESERVED;8588;;;;
RESERVED;RESERVED;8589;;;;
RESERVED;RESERVED;8590;;;;
RESERVED;RESERVED;8591;;;;
RESERVED;RESERVED;8592;;;;
RESERVED;RESERVED;8593;;;;
RESERVED;RESERVED;8594;;;;
RESERVED;RESERVED;8595;;;;
RESERVED;RESERVED;8596;;;;
RESERVED;RESERVED;8597;;;;
RESERVED;RESERVED;8598;;;;
RESERVED;RESERVED;8599;;;;
RESERVED;RESERVED;8600;;;;
RESERVED;RESERVED;8601;;;;
RESERVED;RESERVED;8602;;;;
RESERVED;RESERVED;8603;;;;
RESERVED;RESERVED;8604;;;;
RESERVED;RESERVED;8605;;;;
RESERVED;RESERVED;8606;;;;
RESERVED;RESERVED;8607;;;;
RESERVED;RESERVED;8608;;;;
RESERVED;RESERVED;8609;;;;
RESERVED;RESERVED;8610;;;;
RESERVED;RESERVED;8611;;;;
RESERVED;RESERVED;8612;;;;
RESERVED;RESERVED;8613;;;;
RESERVED;RESERVED;8614;;;;
RESERVED;RESERVED;8615;;;;
RESERVED;RESERVED;8616;;;;
RESERVED;RESERVED;8617;;;;
RESERVED;RESERVED;8618;;;;
RESERVED;RESERVED;8619;;;;
RESERVED;RESERVED;8620;;;;
RESERVED;RESERVED;8621;;;;
RESERVED;RESERVED;8622;;;;
RESERVED;RESERVED;8623;;;;
RESERVED;RESERVED;8624;;;;
RESERVED;RESERVED;8625;;;;
RESERVED;RESERVED;8626;;;;
RESERVED;RESERVED;8627;;;;
RESERVED;RESERVED;8628;;;;
RESERVED;RESERVED;8629;;;;
RESERVED;RESERVED;8630;;;;
RESERVED;RESERVED;8631;;;;
RESERVED;RESERVED;8632;;;;
RESERVED;RESERVED;8633;;;;
RESERVED;RESERVED;8634;;;;
RESERVED;RESERVED;8635;;;;
RESERVED;RESERVED;8636;;;;
RESERVED;RESERVED;8637;;;;
RESERVED;RESERVED;8638;;;;
RESERVED;RESERVED;8639;;;;
RESERVED;RESERVED;8640;;;;
RESERVED;RESERVED;8641;;;;
RESERVED;RESERVED;8642;;;;
RESERVED;RESERVED;8643;;;;
RESERVED;RESERVED;8644;;;;
RESERVED;RESERVED;8645;;;;
RESERVED;RESERVED;8646;;;;
RESERVED;RESERVED;8647;;;;
RESERVED;RESERVED;8648;;;;
RESERVED;RESERVED;8649;;;;
RESERVED;RESERVED;8650;;;;
RESERVED;RESERVED;8651;;;;
RESERVED;RESERVED;8652;;;;
RESERVED;RESERVED;8653;;;;
RESERVED;RESERVED;8654;;;;
RESERVED;RESERVED;8655;;;;
RESERVED;RESERVED;8656;;;;
RESERVED;RESERVED;8657;;;;
RESERVED;RESERVED;8658;;;;
RESERVED;RESERVED;8659;;;;
RESERVED;RESERVED;8660;;;;
RESERVED;RESERVED;8661;;;;
RESERVED;RESERVED;8662;;;;
RESERVED;RESERVED;8663;;;;
RESERVED;RESERVED;8664;;;;
RESERVED;RESERVED;8665;;;;
RESERVED;RESERVED;8666;;;;
RESERVED;RESERVED;8667;;;;
RESERVED;RESERVED;8668;;;;
RESERVED;RESERVED;8669;;;;
RESERVED;RESERVED;8670;;;;
RESERVED;RESERVED;8671;;;;
RESERVED;RESERVED;8672;;;;
RESERVED;RESERVED;8673;;;;
RESERVED;RESERVED;8674;;;;
RESERVED;RESERVED;8675;;;;
RESERVED;RESERVED;8676;;;;
RESERVED;RESERVED;8677;;;;
RESERVED;RESERVED;8678;;;;
RESERVED;RESERVED;8679;;;;
RESERVED;RESERVED;8680;;;;
RESERVED;RESERVED;8681;;;;
RESERVED;RESERVED;8682;;;;
RESERVED;RESERVED;8683;;;;
RESERVED;RESERVED;8684;;;;
RESERVED;RESERVED;8685;;;;
RESERVED;RESERVED;8686;;;;
RESERVED;RESERVED;8687;;;;
RESERVED;RESERVED;8688;;;;
RESERVED;RESERVED;8689;;;;
RESERVED;RESERVED;8690;;;;
RESERVED;RESERVED;8691;;;;
RESERVED;RESERVED;8692;;;;
RESERVED;RESERVED;8693;;;;
RESERVED;RESERVED;8694;;;;
RESERVED;RESERVED;8695;;;;
RESERVED;RESERVED;8696;;;;
RESERVED;RESERVED;8697;;;;
RESERVED;RESERVED;8698;;;;
RESERVED;RESERVED;8699;;;;
RESERVED;RESERVED;8700;;;;
RESERVED;RESERVED;8701;;;;
RESERVED;RESERVED;8702;;;;
RESERVED;RESERVED;8703;;;;
RESERVED;RESERVED;8704;;;;
RESERVED;RESERVED;8705;;;;
RESERVED;RESERVED;8706;;;;
RESERVED;RESERVED;8707;;;;
RESERVED;RESERVED;8708;;;;
RESERVED;RESERVED;8709;;;;
RESERVED;RESERVED;8710;;;;
RESERVED;RESERVED;8711;;;;
RESERVED;RESERVED;8712;;;;
RESERVED;RESERVED;8713;;;;
RESERVED;RESERVED;8714;;;;
RESERVED;RESERVED;8715;;;;
RESERVED;RESERVED;8716;;;;
RESERVED;RESERVED;8717;;;;
RESERVED;RESERVED;8718;;;;
RESERVED;RESERVED;8719;;;;
RESERVED;RESERVED;8720;;;;
RESERVED;RESERVED;8721;;;;
RESERVED;RESERVED;8722;;;;
RESERVED;RESERVED;8723;;;;
RESERVED;RESERVED;8724;;;;
RESERVED;RESERVED;8725;;;;
RESERVED;RESERVED;8726;;;;
RESERVED;RESERVED;8727;;;;
RESERVED;RESERVED;8728;;;;
RESERVED;RESERVED;8729;;;;
RESERVED;RESERVED;8730;;;;
RESERVED;RESERVED;8731;;;;
RESERVED;RESERVED;8732;;;;
RESERVED;RESERVED;8733;;;;
RESERVED;RESERVED;8734;;;;
RESERVED;RESERVED;8735;;;;
RESERVED;RESERVED;8736;;;;
RESERVED;RESERVED;8737;;;;
RESERVED;RESERVED;8738;;;;
RESERVED;RESERVED;8739;;;;
RESERVED;RESERVED;8740;;;;
RESERVED;RESERVED;8741;;;;
RESERVED;RESERVED;8742;;;;
RESERVED;RESERVED;8743;;;;
RESERVED;RESERVED;8744;;;;
RESERVED;RESERVED;8745;;;;
RESERVED;RESERVED;8746;;;;
RESERVED;RESERVED;8747;;;;
RESERVED;RESERVED;8748;;;;
RESERVED;RESERVED;8749;;;;
RESERVED;RESERVED;8750;;;;
RESERVED;RESERVED;8751;;;;
RESERVED;RESERVED;8752;;;;
RESERVED;RESERVED;8753;;;;
RESERVED;RESERVED;8754;;;;
RESERVED;RESERVED;8755;;;;
RESERVED;RESERVED;8756;;;;
RESERVED;RESERVED;8757;;;;
RESERVED;RESERVED;8758;;;;
RESERVED;RESERVED;8759;;;;
RESERVED;RESERVED;8760;;;;
RESERVED;RESERVED;8761;;;;
RESERVED;RESERVED;8762;;;;
RESERVED;RESERVED;8763;;;;
RESERVED;RESERVED;8764;;;;
RESERVED;RESERVED;8765;;;;
RESERVED;RESERVED;8766;;;;
RESERVED;RESERVED;8767;;;;
RESERVED;RESERVED;8768;;;;
RESERVED;RESERVED;8769;;;;
RESERVED;RESERVED;8770;;;;
RESERVED;RESERVED;8771;;;;
RESERVED;RESERVED;8772;;;;
RESERVED;RESERVED;8773;;;;
RESERVED;RESERVED;8774;;;;
RESERVED;RESERVED;8775;;;;
RESERVED;RESERVED;8776;;;;
RESERVED;RESERVED;8777;;;;
RESERVED;RESERVED;8778;;;;
RESERVED;RESERVED;8779;;;;
RESERVED;RESERVED;8780;;;;
RESERVED;RESERVED;8781;;;;
RESERVED;RESERVED;8782;;;;
RESERVED;RESERVED;8783;;;;
RESERVED;RESERVED;8784;;;;
RESERVED;RESERVED;8785;;;;
RESERVED;RESERVED;8786;;;;
RESERVED;RESERVED;8787;;;;
RESERVED;RESERVED;8788;;;;
RESERVED;RESERVED;8789;;;;
RESERVED;RESERVED;8790;;;;
RESERVED;RESERVED;8791;;;;
RESERVED;RESERVED;8792;;;;
RESERVED;RESERVED;8793;;;;
RESERVED;RESERVED;8794;;;;
RESERVED;RESERVED;8795;;;;
RESERVED;RESERVED;8796;;;;
RESERVED;RESERVED;8797;;;;
RESERVED;RESERVED;8798;;;;
RESERVED;RESERVED;8799;;;;
RESERVED;RESERVED;8800;;;;
RESERVED;RESERVED;8801;;;;
RESERVED;RESERVED;8802;;;;
RESERVED;RESERVED;8803;;;;
RESERVED;RESERVED;8804;;;;
RESERVED;RESERVED;8805;;;;
RESERVED;RESERVED;8806;;;;
RESERVED;RESERVED;8807;;;;
RESERVED;RESERVED;8808;;;;
RESERVED;RESERVED;8809;;;;
RESERVED;RESERVED;8810;;;;
RESERVED;RESERVED;8811;;;;
RESERVED;RESERVED;8812;;;;
RESERVED;RESERVED;8813;;;;
RESERVED;RESERVED;8814;;;;
RESERVED;RESERVED;8815;;;;
RESERVED;RESERVED;8816;;;;
RESERVED;RESERVED;8817;;;;
RESERVED;RESERVED;8818;;;;
RESERVED;RESERVED;8819;;;;
RESERVED;RESERVED;8820;;;;
RESERVED;RESERVED;8821;;;;
RESERVED;RESERVED;8822;;;;
RESERVED;RESERVED;8823;;;;
RESERVED;RESERVED;8824;;;;
RESERVED;RESERVED;8825;;;;
RESERVED;RESERVED;8826;;;;
RESERVED;RESERVED;8827;;;;
RESERVED;RESERVED;8828;;;;
RESERVED;RESERVED;8829;;;;
RESERVED;RESERVED;8830;;;;
RESERVED;RESERVED;8831;;;;
RESERVED;RESERVED;8832;;;;
RESERVED;RESERVED;8833;;;;
RESERVED;RESERVED;8834;;;;
RESERVED;RESERVED;8835;;;;
RESERVED;RESERVED;8836;;;;
RESERVED;RESERVED;8837;;;;
RESERVED;RESERVED;8838;;;;
RESERVED;RESERVED;8839;;;;
RESERVED;RESERVED;8840;;;;
RESERVED;RESERVED;8841;;;;
RESERVED;RESERVED;8842;;;;
RESERVED;RESERVED;8843;;;;
RESERVED;RESERVED;8844;;;;
RESERVED;RESERVED;8845;;;;
RESERVED;RESERVED;8846;;;;
RESERVED;RESERVED;8847;;;;
RESERVED;RESERVED;8848;;;;
RESERVED;RESERVED;8849;;;;
RESERVED;RESERVED;8850;;;;
RESERVED;RESERVED;8851;;;;
RESERVED;RESERVED;8852;;;;
RESERVED;RESERVED;8853;;;;
RESERVED;RESERVED;8854;;;;
RESERVED;RESERVED;8855;;;;
RESERVED;RESERVED;8856;;;;
RESERVED;RESERVED;8857;;;;
RESERVED;RESERVED;8858;;;;
RESERVED;RESERVED;8859;;;;
RESERVED;RESERVED;8860;;;;
RESERVED;RESERVED;8861;;;;
RESERVED;RESERVED;8862;;;;
RESERVED;RESERVED;8863;;;;
RESERVED;RESERVED;8864;;;;
RESERVED;RESERVED;8865;;;;
RESERVED;RESERVED;8866;;;;
RESERVED;RESERVED;8867;;;;
RESERVED;RESERVED;8868;;;;
RESERVED;RESERVED;8869;;;;
RESERVED;RESERVED;8870;;;;
RESERVED;RESERVED;8871;;;;
RESERVED;RESERVED;8872;;;;
RESERVED;RESERVED;8873;;;;
RESERVED;RESERVED;8874;;;;
RESERVED;RESERVED;8875;;;;
RESERVED;RESERVED;8876;;;;
RESERVED;RESERVED;8877;;;;
RESERVED;RESERVED;8878;;;;
RESERVED;RESERVED;8879;;;;
RESERVED;RESERVED;8880;;;;
RESERVED;RESERVED;8881;;;;
RESERVED;RESERVED;8882;;;;
RESERVED;RESERVED;8883;;;;
RESERVED;RESERVED;8884;;;;
RESERVED;RESERVED;8885;;;;
RESERVED;RESERVED;8886;;;;
RESERVED;RESERVED;8887;;;;
RESERVED;RESERVED;8888;;;;
RESERVED;RESERVED;8889;;;;
RESERVED;RESERVED;8890;;;;
RESERVED;RESERVED;8891;;;;
RESERVED;RESERVED;8892;;;;
RESERVED;RESERVED;8893;;;;
RESERVED;RESERVED;8894;;;;
RESERVED;RESERVED;8895;;;;
RESERVED;RESERVED;8896;;;;
RESERVED;RESERVED;8897;;;;
RESERVED;RESERVED;8898;;;;
RESERVED;RESERVED;8899;;;;
RESERVED;RESERVED;8900;;;;
RESERVED;RESERVED;8901;;;;
RESERVED;RESERVED;8902;;;;
RESERVED;RESERVED;8903;;;;
RESERVED;RESERVED;8904;;;;
RESERVED;RESERVED;8905;;;;
RESERVED;RESERVED;8906;;;;
RESERVED;RESERVED;8907;;;;
RESERVED;RESERVED;8908;;;;
RESERVED;RESERVED;8909;;;;
RESERVED;RESERVED;8910;;;;
RESERVED;RESERVED;8911;;;;
RESERVED;RESERVED;8912;;;;
RESERVED;RESERVED;8913;;;;
RESERVED;RESERVED;8914;;;;
RESERVED;RESERVED;8915;;;;
RESERVED;RESERVED;8916;;;;
RESERVED;RESERVED;8917;;;;
RESERVED;RESERVED;8918;;;;
RESERVED;RESERVED;8919;;;;
RESERVED;RESERVED;8920;;;;
RESERVED;RESERVED;8921;;;;
RESERVED;RESERVED;8922;;;;
RESERVED;RESERVED;8923;;;;
RESERVED;RESERVED;8924;;;;
RESERVED;RESERVED;8925;;;;
RESERVED;RESERVED;8926;;;;
RESERVED;RESERVED;8927;;;;
RESERVED;RESERVED;8928;;;;
RESERVED;RESERVED;8929;;;;
RESERVED;RESERVED;8930;;;;
RESERVED;RESERVED;8931;;;;
RESERVED;RESERVED;8932;;;;
RESERVED;RESERVED;8933;;;;
RESERVED;RESERVED;8934;;;;
RESERVED;RESERVED;8935;;;;
RESERVED;RESERVED;8936;;;;
RESERVED;RESERVED;8937;;;;
RESERVED;RESERVED;8938;;;;
RESERVED;RESERVED;8939;;;;
RESERVED;RESERVED;8940;;;;
RESERVED;RESERVED;8941;;;;
RESERVED;RESERVED;8942;;;;
RESERVED;RESERVED;8943;;;;
RESERVED;RESERVED;8944;;;;
RESERVED;RESERVED;8945;;;;
RESERVED;RESERVED;8946;;;;
RESERVED;RESERVED;8947;;;;
RESERVED;RESERVED;8948;;;;
RESERVED;RESERVED;8949;;;;
RESERVED;RESERVED;8950;;;;
RESERVED;RESERVED;8951;;;;
RESERVED;RESERVED;8952;;;;
RESERVED;RESERVED;8953;;;;
RESERVED;RESERVED;8954;;;;
RESERVED;RESERVED;8955;;;;
RESERVED;RESERVED;8956;;;;
RESERVED;RESERVED;8957;;;;
RESERVED;RESERVED;8958;;;;
RESERVED;RESERVED;8959;;;;
RESERVED;RESERVED;8960;;;;
RESERVED;RESERVED;8961;;;;
RESERVED;RESERVED;8962;;;;
RESERVED;RESERVED;8963;;;;
RESERVED;RESERVED;8964;;;;
RESERVED;RESERVED;8965;;;;
RESERVED;RESERVED;8966;;;;
RESERVED;RESERVED;8967;;;;
RESERVED;RESERVED;8968;;;;
RESERVED;RESERVED;8969;;;;
RESERVED;RESERVED;8970;;;;
RESERVED;RESERVED;8971;;;;
RESERVED;RESERVED;8972;;;;
RESERVED;RESERVED;8973;;;;
RESERVED;RESERVED;8974;;;;
RESERVED;RESERVED;8975;;;;
RESERVED;RESERVED;8976;;;;
RESERVED;RESERVED;8977;;;;
RESERVED;RESERVED;8978;;;;
RESERVED;RESERVED;8979;;;;
RESERVED;RESERVED;8980;;;;
RESERVED;RESERVED;8981;;;;
RESERVED;RESERVED;8982;;;;
RESERVED;RESERVED;8983;;;;
RESERVED;RESERVED;8984;;;;
RESERVED;RESERVED;8985;;;;
RESERVED;RESERVED;8986;;;;
RESERVED;RESERVED;8987;;;;
RESERVED;RESERVED;8988;;;;
RESERVED;RESERVED;8989;;;;
RESERVED;RESERVED;8990;;;;
RESERVED;RESERVED;8991;;;;
RESERVED;RESERVED;8992;;;;
RESERVED;RESERVED;8993;;;;
RESERVED;RESERVED;8994;;;;
RESERVED;RESERVED;8995;;;;
RESERVED;RESERVED;8996;;;;
RESERVED;RESERVED;8997;;;;
RESERVED;RESERVED;8998;;;;
RESERVED;RESERVED;8999;;;;
RESERVED;RESERVED;9000;;;;
RESERVED;RESERVED;9001;;;;
RESERVED;RESERVED;9002;;;;
RESERVED;RESERVED;9003;;;;
RESERVED;RESERVED;9004;;;;
RESERVED;RESERVED;9005;;;;
RESERVED;RESERVED;9006;;;;
RESERVED;RESERVED;9007;;;;
RESERVED;RESERVED;9008;;;;
RESERVED;RESERVED;9009;;;;
RESERVED;RESERVED;9010;;;;
RESERVED;RESERVED;9011;;;;
RESERVED;RESERVED;9012;;;;
RESERVED;RESERVED;9013;;;;
RESERVED;RESERVED;9014;;;;
RESERVED;RESERVED;9015;;;;
RESERVED;RESERVED;9016;;;;
RESERVED;RESERVED;9017;;;;
RESERVED;RESERVED;9018;;;;
RESERVED;RESERVED;9019;;;;
RESERVED;RESERVED;9020;;;;
RESERVED;RESERVED;9021;;;;
RESERVED;RESERVED;9022;;;;
RESERVED;RESERVED;9023;;;;
RESERVED;RESERVED;9024;;;;
RESERVED;RESERVED;9025;;;;
RESERVED;RESERVED;9026;;;;
RESERVED;RESERVED;9027;;;;
RESERVED;RESERVED;9028;;;;
RESERVED;RESERVED;9029;;;;
RESERVED;RESERVED;9030;;;;
RESERVED;RESERVED;9031;;;;
RESERVED;RESERVED;9032;;;;
RESERVED;RESERVED;9033;;;;
RESERVED;RESERVED;9034;;;;
RESERVED;RESERVED;9035;;;;
RESERVED;RESERVED;9036;;;;
RESERVED;RESERVED;9037;;;;
RESERVED;RESERVED;9038;;;;
RESERVED;RESERVED;9039;;;;
RESERVED;RESERVED;9040;;;;
RESERVED;RESERVED;9041;;;;
RESERVED;RESERVED;9042;;;;
RESERVED;RESERVED;9043;;;;
RESERVED;RESERVED;9044;;;;
RESERVED;RESERVED;9045;;;;
RESERVED;RESERVED;9046;;;;
RESERVED;RESERVED;9047;;;;
RESERVED;RESERVED;9048;;;;
RESERVED;RESERVED;9049;;;;
RESERVED;RESERVED;9050;;;;
RESERVED;RESERVED;9051;;;;
RESERVED;RESERVED;9052;;;;
RESERVED;RESERVED;9053;;;;
RESERVED;RESERVED;9054;;;;
RESERVED;RESERVED;9055;;;;
RESERVED;RESERVED;9056;;;;
RESERVED;RESERVED;9057;;;;
RESERVED;RESERVED;9058;;;;
RESERVED;RESERVED;9059;;;;
RESERVED;RESERVED;9060;;;;
RESERVED;RESERVED;9061;;;;
RESERVED;RESERVED;9062;;;;
RESERVED;RESERVED;9063;;;;
RESERVED;RESERVED;9064;;;;
RESERVED;RESERVED;9065;;;;
RESERVED;RESERVED;9066;;;;
RESERVED;RESERVED;9067;;;;
RESERVED;RESERVED;9068;;;;
RESERVED;RESERVED;9069;;;;
RESERVED;RESERVED;9070;;;;
RESERVED;RESERVED;9071;;;;
RESERVED;RESERVED;9072;;;;
RESERVED;RESERVED;9073;;;;
RESERVED;RESERVED;9074;;;;
RESERVED;RESERVED;9075;;;;
RESERVED;RESERVED;9076;;;;
RESERVED;RESERVED;9077;;;;
RESERVED;RESERVED;9078;;;;
RESERVED;RESERVED;9079;;;;
RESERVED;RESERVED;9080;;;;
RESERVED;RESERVED;9081;;;;
RESERVED;RESERVED;9082;;;;
RESERVED;RESERVED;9083;;;;
RESERVED;RESERVED;9084;;;;
RESERVED;RESERVED;9085;;;;
RESERVED;RESERVED;9086;;;;
RESERVED;RESERVED;9087;;;;
RESERVED;RESERVED;9088;;;;
RESERVED;RESERVED;9089;;;;
RESERVED;RESERVED;9090;;;;
RESERVED;RESERVED;9091;;;;
RESERVED;RESERVED;9092;;;;
RESERVED;RESERVED;9093;;;;
RESERVED;RESERVED;9094;;;;
RESERVED;RESERVED;9095;;;;
RESERVED;RESERVED;9096;;;;
RESERVED;RESERVED;9097;;;;
RESERVED;RESERVED;9098;;;;
RESERVED;RESERVED;9099;;;;
RESERVED;RESERVED;9100;;;;
RESERVED;RESERVED;9101;;;;
RESERVED;RESERVED;9102;;;;
RESERVED;RESERVED;9103;;;;
RESERVED;RESERVED;9104;;;;
RESERVED;RESERVED;9105;;;;
RESERVED;RESERVED;9106;;;;
RESERVED;RESERVED;9107;;;;
RESERVED;RESERVED;9108;;;;
RESERVED;RESERVED;9109;;;;
RESERVED;RESERVED;9110;;;;
RESERVED;RESERVED;9111;;;;
RESERVED;RESERVED;9112;;;;
RESERVED;RESERVED;9113;;;;
RESERVED;RESERVED;9114;;;;
RESERVED;RESERVED;9115;;;;
RESERVED;RESERVED;9116;;;;
RESERVED;RESERVED;9117;;;;
RESERVED;RESERVED;9118;;;;
RESERVED;RESERVED;9119;;;;
RESERVED;RESERVED;9120;;;;
RESERVED;RESERVED;9121;;;;
RESERVED;RESERVED;9122;;;;
RESERVED;RESERVED;9123;;;;
RESERVED;RESERVED;9124;;;;
RESERVED;RESERVED;9125;;;;
RESERVED;RESERVED;9126;;;;
RESERVED;RESERVED;9127;;;;
RESERVED;RESERVED;9128;;;;
RESERVED;RESERVED;9129;;;;
RESERVED;RESERVED;9130;;;;
RESERVED;RESERVED;9131;;;;
RESERVED;RESERVED;9132;;;;
RESERVED;RESERVED;9133;;;;
RESERVED;RESERVED;9134;;;;
RESERVED;RESERVED;9135;;;;
RESERVED;RESERVED;9136;;;;
RESERVED;RESERVED;9137;;;;
RESERVED;RESERVED;9138;;;;
RESERVED;RESERVED;9139;;;;
RESERVED;RESERVED;9140;;;;
RESERVED;RESERVED;9141;;;;
RESERVED;RESERVED;9142;;;;
RESERVED;RESERVED;9143;;;;
RESERVED;RESERVED;9144;;;;
RESERVED;RESERVED;9145;;;;
RESERVED;RESERVED;9146;;;;
RESERVED;RESERVED;9147;;;;
RESERVED;RESERVED;9148;;;;
RESERVED;RESERVED;9149;;;;
RESERVED;RESERVED;9150;;;;
RESERVED;RESERVED;9151;;;;
RESERVED;RESERVED;9152;;;;
RESERVED;RESERVED;9153;;;;
RESERVED;RESERVED;9154;;;;
RESERVED;RESERVED;9155;;;;
RESERVED;RESERVED;9156;;;;
RESERVED;RESERVED;9157;;;;
RESERVED;RESERVED;9158;;;;
RESERVED;RESERVED;9159;;;;
RESERVED;RESERVED;9160;;;;
RESERVED;RESERVED;9161;;;;
RESERVED;RESERVED;9162;;;;
RESERVED;RESERVED;9163;;;;
RESERVED;RESERVED;9164;;;;
RESERVED;RESERVED;9165;;;;
RESERVED;RESERVED;9166;;;;
RESERVED;RESERVED;9167;;;;
RESERVED;RESERVED;9168;;;;
RESERVED;RESERVED;9169;;;;
RESERVED;RESERVED;9170;;;;
RESERVED;RESERVED;9171;;;;
RESERVED;RESERVED;9172;;;;
RESERVED;RESERVED;9173;;;;
RESERVED;RESERVED;9174;;;;
RESERVED;RESERVED;9175;;;;
RESERVED;RESERVED;9176;;;;
RESERVED;RESERVED;9177;;;;
RESERVED;RESERVED;9178;;;;
RESERVED;RESERVED;9179;;;;
RESERVED;RESERVED;9180;;;;
RESERVED;RESERVED;9181;;;;
RESERVED;RESERVED;9182;;;;
RESERVED;RESERVED;9183;;;;
RESERVED;RESERVED;9184;;;;
RESERVED;RESERVED;9185;;;;
RESERVED;RESERVED;9186;;;;
RESERVED;RESERVED;9187;;;;
RESERVED;RESERVED;9188;;;;
RESERVED;RESERVED;9189;;;;
RESERVED;RESERVED;9190;;;;
RESERVED;RESERVED;9191;;;;
RESERVED;RESERVED;9192;;;;
RESERVED;RESERVED;9193;;;;
RESERVED;RESERVED;9194;;;;
RESERVED;RESERVED;9195;;;;
RESERVED;RESERVED;9196;;;;
RESERVED;RESERVED;9197;;;;
RESERVED;RESERVED;9198;;;;
RESERVED;RESERVED;9199;;;;
RESERVED;RESERVED;9200;;;;
RESERVED;RESERVED;9201;;;;
RESERVED;RESERVED;9202;;;;
RESERVED;RESERVED;9203;;;;
RESERVED;RESERVED;9204;;;;
RESERVED;RESERVED;9205;;;;
RESERVED;RESERVED;9206;;;;
RESERVED;RESERVED;9207;;;;
RESERVED;RESERVED;9208;;;;
RESERVED;RESERVED;9209;;;;
RESERVED;RESERVED;9210;;;;
RESERVED;RESERVED;9211;;;;
RESERVED;RESERVED;9212;;;;
RESERVED;RESERVED;9213;;;;
RESERVED;RESERVED;9214;;;;
RESERVED;RESERVED;9215;;;;
RESERVED;RESERVED;9216;;;;
RESERVED;RESERVED;9217;;;;
RESERVED;RESERVED;9218;;;;
RESERVED;RESERVED;9219;;;;
RESERVED;RESERVED;9220;;;;
RESERVED;RESERVED;9221;;;;
RESERVED;RESERVED;9222;;;;
RESERVED;RESERVED;9223;;;;
RESERVED;RESERVED;9224;;;;
RESERVED;RESERVED;9225;;;;
RESERVED;RESERVED;9226;;;;
RESERVED;RESERVED;9227;;;;
RESERVED;RESERVED;9228;;;;
RESERVED;RESERVED;9229;;;;
RESERVED;RESERVED;9230;;;;
RESERVED;RESERVED;9231;;;;
RESERVED;RESERVED;9232;;;;
RESERVED;RESERVED;9233;;;;
RESERVED;RESERVED;9234;;;;
RESERVED;RESERVED;9235;;;;
RESERVED;RESERVED;9236;;;;
RESERVED;RESERVED;9237;;;;
RESERVED;RESERVED;9238;;;;
RESERVED;RESERVED;9239;;;;
RESERVED;RESERVED;9240;;;;
RESERVED;RESERVED;9241;;;;
RESERVED;RESERVED;9242;;;;
RESERVED;RESERVED;9243;;;;
RESERVED;RESERVED;9244;;;;
RESERVED;RESERVED;9245;;;;
RESERVED;RESERVED;9246;;;;
RESERVED;RESERVED;9247;;;;
RESERVED;RESERVED;9248;;;;
RESERVED;RESERVED;9249;;;;
RESERVED;RESERVED;9250;;;;
RESERVED;RESERVED;9251;;;;
RESERVED;RESERVED;9252;;;;
RESERVED;RESERVED;9253;;;;
RESERVED;RESERVED;9254;;;;
RESERVED;RESERVED;9255;;;;
RESERVED;RESERVED;9256;;;;
RESERVED;RESERVED;9257;;;;
RESERVED;RESERVED;9258;;;;
RESERVED;RESERVED;9259;;;;
RESERVED;RESERVED;9260;;;;
RESERVED;RESERVED;9261;;;;
RESERVED;RESERVED;9262;;;;
RESERVED;RESERVED;9263;;;;
RESERVED;RESERVED;9264;;;;
RESERVED;RESERVED;9265;;;;
RESERVED;RESERVED;9266;;;;
RESERVED;RESERVED;9267;;;;
RESERVED;RESERVED;9268;;;;
RESERVED;RESERVED;9269;;;;
RESERVED;RESERVED;9270;;;;
RESERVED;RESERVED;9271;;;;
RESERVED;RESERVED;9272;;;;
RESERVED;RESERVED;9273;;;;
RESERVED;RESERVED;9274;;;;
RESERVED;RESERVED;9275;;;;
RESERVED;RESERVED;9276;;;;
RESERVED;RESERVED;9277;;;;
RESERVED;RESERVED;9278;;;;
RESERVED;RESERVED;9279;;;;
RESERVED;RESERVED;9280;;;;
RESERVED;RESERVED;9281;;;;
RESERVED;RESERVED;9282;;;;
RESERVED;RESERVED;9283;;;;
RESERVED;RESERVED;9284;;;;
RESERVED;RESERVED;9285;;;;
RESERVED;RESERVED;9286;;;;
RESERVED;RESERVED;9287;;;;
RESERVED;RESERVED;9288;;;;
RESERVED;RESERVED;9289;;;;
RESERVED;RESERVED;9290;;;;
RESERVED;RESERVED;9291;;;;
RESERVED;RESERVED;9292;;;;
RESERVED;RESERVED;9293;;;;
RESERVED;RESERVED;9294;;;;
RESERVED;RESERVED;9295;;;;
RESERVED;RESERVED;9296;;;;
RESERVED;RESERVED;9297;;;;
RESERVED;RESERVED;9298;;;;
RESERVED;RESERVED;9299;;;;
RESERVED;RESERVED;9300;;;;
RESERVED;RESERVED;9301;;;;
RESERVED;RESERVED;9302;;;;
RESERVED;RESERVED;9303;;;;
RESERVED;RESERVED;9304;;;;
RESERVED;RESERVED;9305;;;;
RESERVED;RESERVED;9306;;;;
RESERVED;RESERVED;9307;;;;
RESERVED;RESERVED;9308;;;;
RESERVED;RESERVED;9309;;;;
RESERVED;RESERVED;9310;;;;
RESERVED;RESERVED;9311;;;;
RESERVED;RESERVED;9312;;;;
RESERVED;RESERVED;9313;;;;
RESERVED;RESERVED;9314;;;;
RESERVED;RESERVED;9315;;;;
RESERVED;RESERVED;9316;;;;
RESERVED;RESERVED;9317;;;;
RESERVED;RESERVED;9318;;;;
RESERVED;RESERVED;9319;;;;
RESERVED;RESERVED;9320;;;;
RESERVED;RESERVED;9321;;;;
RESERVED;RESERVED;9322;;;;
RESERVED;RESERVED;9323;;;;
RESERVED;RESERVED;9324;;;;
RESERVED;RESERVED;9325;;;;
RESERVED;RESERVED;9326;;;;
RESERVED;RESERVED;9327;;;;
RESERVED;RESERVED;9328;;;;
RESERVED;RESERVED;9329;;;;
RESERVED;RESERVED;9330;;;;
RESERVED;RESERVED;9331;;;;
RESERVED;RESERVED;9332;;;;
RESERVED;RESERVED;9333;;;;
RESERVED;RESERVED;9334;;;;
RESERVED;RESERVED;9335;;;;
RESERVED;RESERVED;9336;;;;
RESERVED;RESERVED;9337;;;;
RESERVED;RESERVED;9338;;;;
RESERVED;RESERVED;9339;;;;
RESERVED;RESERVED;9340;;;;
RESERVED;RESERVED;9341;;;;
RESERVED;RESERVED;9342;;;;
RESERVED;RESERVED;9343;;;;
RESERVED;RESERVED;9344;;;;
RESERVED;RESERVED;9345;;;;
RESERVED;RESERVED;9346;;;;
RESERVED;RESERVED;9347;;;;
RESERVED;RESERVED;9348;;;;
RESERVED;RESERVED;9349;;;;
RESERVED;RESERVED;9350;;;;
RESERVED;RESERVED;9351;;;;
RESERVED;RESERVED;9352;;;;
RESERVED;RESERVED;9353;;;;
RESERVED;RESERVED;9354;;;;
RESERVED;RESERVED;9355;;;;
RESERVED;RESERVED;9356;;;;
RESERVED;RESERVED;9357;;;;
RESERVED;RESERVED;9358;;;;
RESERVED;RESERVED;9359;;;;
RESERVED;RESERVED;9360;;;;
RESERVED;RESERVED;9361;;;;
RESERVED;RESERVED;9362;;;;
RESERVED;RESERVED;9363;;;;
RESERVED;RESERVED;9364;;;;
RESERVED;RESERVED;9365;;;;
RESERVED;RESERVED;9366;;;;
RESERVED;RESERVED;9367;;;;
RESERVED;RESERVED;9368;;;;
RESERVED;RESERVED;9369;;;;
RESERVED;RESERVED;9370;;;;
RESERVED;RESERVED;9371;;;;
RESERVED;RESERVED;9372;;;;
RESERVED;RESERVED;9373;;;;
RESERVED;RESERVED;9374;;;;
RESERVED;RESERVED;9375;;;;
RESERVED;RESERVED;9376;;;;
RESERVED;RESERVED;9377;;;;
RESERVED;RESERVED;9378;;;;
RESERVED;RESERVED;9379;;;;
RESERVED;RESERVED;9380;;;;
RESERVED;RESERVED;9381;;;;
RESERVED;RESERVED;9382;;;;
RESERVED;RESERVED;9383;;;;
RESERVED;RESERVED;9384;;;;
RESERVED;RESERVED;9385;;;;
RESERVED;RESERVED;9386;;;;
RESERVED;RESERVED;9387;;;;
RESERVED;RESERVED;9388;;;;
RESERVED;RESERVED;9389;;;;
RESERVED;RESERVED;9390;;;;
RESERVED;RESERVED;9391;;;;
RESERVED;RESERVED;9392;;;;
RESERVED;RESERVED;9393;;;;
RESERVED;RESERVED;9394;;;;
RESERVED;RESERVED;9395;;;;
RESERVED;RESERVED;9396;;;;
RESERVED;RESERVED;9397;;;;
RESERVED;RESERVED;9398;;;;
RESERVED;RESERVED;9399;;;;
RESERVED;RESERVED;9400;;;;
RESERVED;RESERVED;9401;;;;
RESERVED;RESERVED;9402;;;;
RESERVED;RESERVED;9403;;;;
RESERVED;RESERVED;9404;;;;
RESERVED;RESERVED;9405;;;;
RESERVED;RESERVED;9406;;;;
RESERVED;RESERVED;9407;;;;
RESERVED;RESERVED;9408;;;;
RESERVED;RESERVED;9409;;;;
RESERVED;RESERVED;9410;;;;
RESERVED;RESERVED;9411;;;;
RESERVED;RESERVED;9412;;;;
RESERVED;RESERVED;9413;;;;
RESERVED;RESERVED;9414;;;;
RESERVED;RESERVED;9415;;;;
RESERVED;RESERVED;9416;;;;
RESERVED;RESERVED;9417;;;;
RESERVED;RESERVED;9418;;;;
RESERVED;RESERVED;9419;;;;
RESERVED;RESERVED;9420;;;;
RESERVED;RESERVED;9421;;;;
RESERVED;RESERVED;9422;;;;
RESERVED;RESERVED;9423;;;;
RESERVED;RESERVED;9424;;;;
RESERVED;RESERVED;9425;;;;
RESERVED;RESERVED;9426;;;;
RESERVED;RESERVED;9427;;;;
RESERVED;RESERVED;9428;;;;
RESERVED;RESERVED;9429;;;;
RESERVED;RESERVED;9430;;;;
RESERVED;RESERVED;9431;;;;
RESERVED;RESERVED;9432;;;;
RESERVED;RESERVED;9433;;;;
RESERVED;RESERVED;9434;;;;
RESERVED;RESERVED;9435;;;;
RESERVED;RESERVED;9436;;;;
RESERVED;RESERVED;9437;;;;
RESERVED;RESERVED;9438;;;;
RESERVED;RESERVED;9439;;;;
RESERVED;RESERVED;9440;;;;
RESERVED;RESERVED;9441;;;;
RESERVED;RESERVED;9442;;;;
RESERVED;RESERVED;9443;;;;
RESERVED;RESERVED;9444;;;;
RESERVED;RESERVED;9445;;;;
RESERVED;RESERVED;9446;;;;
RESERVED;RESERVED;9447;;;;
RESERVED;RESERVED;9448;;;;
RESERVED;RESERVED;9449;;;;
RESERVED;RESERVED;9450;;;;
RESERVED;RESERVED;9451;;;;
RESERVED;RESERVED;9452;;;;
RESERVED;RESERVED;9453;;;;
RESERVED;RESERVED;9454;;;;
RESERVED;RESERVED;9455;;;;
RESERVED;RESERVED;9456;;;;
RESERVED;RESERVED;9457;;;;
RESERVED;RESERVED;9458;;;;
RESERVED;RESERVED;9459;;;;
RESERVED;RESERVED;9460;;;;
RESERVED;RESERVED;9461;;;;
RESERVED;RESERVED;9462;;;;
RESERVED;RESERVED;9463;;;;
RESERVED;RESERVED;9464;;;;
RESERVED;RESERVED;9465;;;;
RESERVED;RESERVED;9466;;;;
RESERVED;RESERVED;9467;;;;
RESERVED;RESERVED;9468;;;;
RESERVED;RESERVED;9469;;;;
RESERVED;RESERVED;9470;;;;
RESERVED;RESERVED;9471;;;;
RESERVED;RESERVED;9472;;;;
RESERVED;RESERVED;9473;;;;
RESERVED;RESERVED;9474;;;;
RESERVED;RESERVED;9475;;;;
RESERVED;RESERVED;9476;;;;
RESERVED;RESERVED;9477;;;;
RESERVED;RESERVED;9478;;;;
RESERVED;RESERVED;9479;;;;
RESERVED;RESERVED;9480;;;;
RESERVED;RESERVED;9481;;;;
RESERVED;RESERVED;9482;;;;
RESERVED;RESERVED;9483;;;;
RESERVED;RESERVED;9484;;;;
RESERVED;RESERVED;9485;;;;
RESERVED;RESERVED;9486;;;;
RESERVED;RESERVED;9487;;;;
RESERVED;RESERVED;9488;;;;
RESERVED;RESERVED;9489;;;;
RESERVED;RESERVED;9490;;;;
RESERVED;RESERVED;9491;;;;
RESERVED;RESERVED;9492;;;;
RESERVED;RESERVED;9493;;;;
RESERVED;RESERVED;9494;;;;
RESERVED;RESERVED;9495;;;;
RESERVED;RESERVED;9496;;;;
RESERVED;RESERVED;9497;;;;
RESERVED;RESERVED;9498;;;;
RESERVED;RESERVED;9499;;;;
RESERVED;RESERVED;9500;;;;
RESERVED;RESERVED;9501;;;;
RESERVED;RESERVED;9502;;;;
RESERVED;RESERVED;9503;;;;
RESERVED;RESERVED;9504;;;;
RESERVED;RESERVED;9505;;;;
RESERVED;RESERVED;9506;;;;
RESERVED;RESERVED;9507;;;;
RESERVED;RESERVED;9508;;;;
RESERVED;RESERVED;9509;;;;
RESERVED;RESERVED;9510;;;;
RESERVED;RESERVED;9511;;;;
RESERVED;RESERVED;9512;;;;
RESERVED;RESERVED;9513;;;;
RESERVED;RESERVED;9514;;;;
RESERVED;RESERVED;9515;;;;
RESERVED;RESERVED;9516;;;;
RESERVED;RESERVED;9517;;;;
RESERVED;RESERVED;9518;;;;
RESERVED;RESERVED;9519;;;;
RESERVED;RESERVED;9520;;;;
RESERVED;RESERVED;9521;;;;
RESERVED;RESERVED;9522;;;;
RESERVED;RESERVED;9523;;;;
RESERVED;RESERVED;9524;;;;
RESERVED;RESERVED;9525;;;;
RESERVED;RESERVED;9526;;;;
RESERVED;RESERVED;9527;;;;
RESERVED;RESERVED;9528;;;;
RESERVED;RESERVED;9529;;;;
RESERVED;RESERVED;9530;;;;
RESERVED;RESERVED;9531;;;;
RESERVED;RESERVED;9532;;;;
RESERVED;RESERVED;9533;;;;
RESERVED;RESERVED;9534;;;;
RESERVED;RESERVED;9535;;;;
RESERVED;RESERVED;9536;;;;
RESERVED;RESERVED;9537;;;;
RESERVED;RESERVED;9538;;;;
RESERVED;RESERVED;9539;;;;
RESERVED;RESERVED;9540;;;;
RESERVED;RESERVED;9541;;;;
RESERVED;RESERVED;9542;;;;
RESERVED;RESERVED;9543;;;;
RESERVED;RESERVED;9544;;;;
RESERVED;RESERVED;9545;;;;
RESERVED;RESERVED;9546;;;;
RESERVED;RESERVED;9547;;;;
RESERVED;RESERVED;9548;;;;
RESERVED;RESERVED;9549;;;;
RESERVED;RESERVED;9550;;;;
RESERVED;RESERVED;9551;;;;
RESERVED;RESERVED;9552;;;;
RESERVED;RESERVED;9553;;;;
RESERVED;RESERVED;9554;;;;
RESERVED;RESERVED;9555;;;;
RESERVED;RESERVED;9556;;;;
RESERVED;RESERVED;9557;;;;
RESERVED;RESERVED;9558;;;;
RESERVED;RESERVED;9559;;;;
RESERVED;RESERVED;9560;;;;
RESERVED;RESERVED;9561;;;;
RESERVED;RESERVED;9562;;;;
RESERVED;RESERVED;9563;;;;
RESERVED;RESERVED;9564;;;;
RESERVED;RESERVED;9565;;;;
RESERVED;RESERVED;9566;;;;
RESERVED;RESERVED;9567;;;;
RESERVED;RESERVED;9568;;;;
RESERVED;RESERVED;9569;;;;
RESERVED;RESERVED;9570;;;;
RESERVED;RESERVED;9571;;;;
RESERVED;RESERVED;9572;;;;
RESERVED;RESERVED;9573;;;;
RESERVED;RESERVED;9574;;;;
RESERVED;RESERVED;9575;;;;
RESERVED;RESERVED;9576;;;;
RESERVED;RESERVED;9577;;;;
RESERVED;RESERVED;9578;;;;
RESERVED;RESERVED;9579;;;;
RESERVED;RESERVED;9580;;;;
RESERVED;RESERVED;9581;;;;
RESERVED;RESERVED;9582;;;;
RESERVED;RESERVED;9583;;;;
RESERVED;RESERVED;9584;;;;
RESERVED;RESERVED;9585;;;;
RESERVED;RESERVED;9586;;;;
RESERVED;RESERVED;9587;;;;
RESERVED;RESERVED;9588;;;;
RESERVED;RESERVED;9589;;;;
RESERVED;RESERVED;9590;;;;
RESERVED;RESERVED;9591;;;;
RESERVED;RESERVED;9592;;;;
RESERVED;RESERVED;9593;;;;
RESERVED;RESERVED;9594;;;;
RESERVED;RESERVED;9595;;;;
RESERVED;RESERVED;9596;;;;
RESERVED;RESERVED;9597;;;;
RESERVED;RESERVED;9598;;;;
RESERVED;RESERVED;9599;;;;
RESERVED;RESERVED;9600;;;;
RESERVED;RESERVED;9601;;;;
RESERVED;RESERVED;9602;;;;
RESERVED;RESERVED;9603;;;;
RESERVED;RESERVED;9604;;;;
RESERVED;RESERVED;9605;;;;
RESERVED;RESERVED;9606;;;;
RESERVED;RESERVED;9607;;;;
RESERVED;RESERVED;9608;;;;
RESERVED;RESERVED;9609;;;;
RESERVED;RESERVED;9610;;;;
RESERVED;RESERVED;9611;;;;
RESERVED;RESERVED;9612;;;;
RESERVED;RESERVED;9613;;;;
RESERVED;RESERVED;9614;;;;
RESERVED;RESERVED;9615;;;;
RESERVED;RESERVED;9616;;;;
RESERVED;RESERVED;9617;;;;
RESERVED;RESERVED;9618;;;;
RESERVED;RESERVED;9619;;;;
RESERVED;RESERVED;9620;;;;
RESERVED;RESERVED;9621;;;;
RESERVED;RESERVED;9622;;;;
RESERVED;RESERVED;9623;;;;
RESERVED;RESERVED;9624;;;;
RESERVED;RESERVED;9625;;;;
RESERVED;RESERVED;9626;;;;
RESERVED;RESERVED;9627;;;;
RESERVED;RESERVED;9628;;;;
RESERVED;RESERVED;9629;;;;
RESERVED;RESERVED;9630;;;;
RESERVED;RESERVED;9631;;;;
RESERVED;RESERVED;9632;;;;
RESERVED;RESERVED;9633;;;;
RESERVED;RESERVED;9634;;;;
RESERVED;RESERVED;9635;;;;
RESERVED;RESERVED;9636;;;;
RESERVED;RESERVED;9637;;;;
RESERVED;RESERVED;9638;;;;
RESERVED;RESERVED;9639;;;;
RESERVED;RESERVED;9640;;;;
RESERVED;RESERVED;9641;;;;
RESERVED;RESERVED;9642;;;;
RESERVED;RESERVED;9643;;;;
RESERVED;RESERVED;9644;;;;
RESERVED;RESERVED;9645;;;;
RESERVED;RESERVED;9646;;;;
RESERVED;RESERVED;9647;;;;
RESERVED;RESERVED;9648;;;;
RESERVED;RESERVED;9649;;;;
RESERVED;RESERVED;9650;;;;
RESERVED;RESERVED;9651;;;;
RESERVED;RESERVED;9652;;;;
RESERVED;RESERVED;9653;;;;
RESERVED;RESERVED;9654;;;;
RESERVED;RESERVED;9655;;;;
RESERVED;RESERVED;9656;;;;
RESERVED;RESERVED;9657;;;;
RESERVED;RESERVED;9658;;;;
RESERVED;RESERVED;9659;;;;
RESERVED;RESERVED;9660;;;;
RESERVED;RESERVED;9661;;;;
RESERVED;RESERVED;9662;;;;
RESERVED;RESERVED;9663;;;;
RESERVED;RESERVED;9664;;;;
RESERVED;RESERVED;9665;;;;
RESERVED;RESERVED;9666;;;;
RESERVED;RESERVED;9667;;;;
RESERVED;RESERVED;9668;;;;
RESERVED;RESERVED;9669;;;;
RESERVED;RESERVED;9670;;;;
RESERVED;RESERVED;9671;;;;
RESERVED;RESERVED;9672;;;;
RESERVED;RESERVED;9673;;;;
RESERVED;RESERVED;9674;;;;
RESERVED;RESERVED;9675;;;;
RESERVED;RESERVED;9676;;;;
RESERVED;RESERVED;9677;;;;
RESERVED;RESERVED;9678;;;;
RESERVED;RESERVED;9679;;;;
RESERVED;RESERVED;9680;;;;
RESERVED;RESERVED;9681;;;;
RESERVED;RESERVED;9682;;;;
RESERVED;RESERVED;9683;;;;
RESERVED;RESERVED;9684;;;;
RESERVED;RESERVED;9685;;;;
RESERVED;RESERVED;9686;;;;
RESERVED;RESERVED;9687;;;;
RESERVED;RESERVED;9688;;;;
RESERVED;RESERVED;9689;;;;
RESERVED;RESERVED;9690;;;;
RESERVED;RESERVED;9691;;;;
RESERVED;RESERVED;9692;;;;
RESERVED;RESERVED;9693;;;;
RESERVED;RESERVED;9694;;;;
RESERVED;RESERVED;9695;;;;
RESERVED;RESERVED;9696;;;;
RESERVED;RESERVED;9697;;;;
RESERVED;RESERVED;9698;;;;
RESERVED;RESERVED;9699;;;;
RESERVED;RESERVED;9700;;;;
RESERVED;RESERVED;9701;;;;
RESERVED;RESERVED;9702;;;;
RESERVED;RESERVED;9703;;;;
RESERVED;RESERVED;9704;;;;
RESERVED;RESERVED;9705;;;;
RESERVED;RESERVED;9706;;;;
RESERVED;RESERVED;9707;;;;
RESERVED;RESERVED;9708;;;;
RESERVED;RESERVED;9709;;;;
RESERVED;RESERVED;9710;;;;
RESERVED;RESERVED;9711;;;;
RESERVED;RESERVED;9712;;;;
RESERVED;RESERVED;9713;;;;
RESERVED;RESERVED;9714;;;;
RESERVED;RESERVED;9715;;;;
RESERVED;RESERVED;9716;;;;
RESERVED;RESERVED;9717;;;;
RESERVED;RESERVED;9718;;;;
RESERVED;RESERVED;9719;;;;
RESERVED;RESERVED;9720;;;;
RESERVED;RESERVED;9721;;;;
RESERVED;RESERVED;9722;;;;
RESERVED;RESERVED;9723;;;;
RESERVED;RESERVED;9724;;;;
RESERVED;RESERVED;9725;;;;
RESERVED;RESERVED;9726;;;;
RESERVED;RESERVED;9727;;;;
RESERVED;RESERVED;9728;;;;
RESERVED;RESERVED;9729;;;;
RESERVED;RESERVED;9730;;;;
RESERVED;RESERVED;9731;;;;
RESERVED;RESERVED;9732;;;;
RESERVED;RESERVED;9733;;;;
RESERVED;RESERVED;9734;;;;
RESERVED;RESERVED;9735;;;;
RESERVED;RESERVED;9736;;;;
RESERVED;RESERVED;9737;;;;
RESERVED;RESERVED;9738;;;;
RESERVED;RESERVED;9739;;;;
RESERVED;RESERVED;9740;;;;
RESERVED;RESERVED;9741;;;;
RESERVED;RESERVED;9742;;;;
RESERVED;RESERVED;9743;;;;
RESERVED;RESERVED;9744;;;;
RESERVED;RESERVED;9745;;;;
RESERVED;RESERVED;9746;;;;
RESERVED;RESERVED;9747;;;;
RESERVED;RESERVED;9748;;;;
RESERVED;RESERVED;9749;;;;
RESERVED;RESERVED;9750;;;;
RESERVED;RESERVED;9751;;;;
RESERVED;RESERVED;9752;;;;
RESERVED;RESERVED;9753;;;;
RESERVED;RESERVED;9754;;;;
RESERVED;RESERVED;9755;;;;
RESERVED;RESERVED;9756;;;;
RESERVED;RESERVED;9757;;;;
RESERVED;RESERVED;9758;;;;
RESERVED;RESERVED;9759;;;;
RESERVED;RESERVED;9760;;;;
RESERVED;RESERVED;9761;;;;
RESERVED;RESERVED;9762;;;;
RESERVED;RESERVED;9763;;;;
RESERVED;RESERVED;9764;;;;
RESERVED;RESERVED;9765;;;;
RESERVED;RESERVED;9766;;;;
RESERVED;RESERVED;9767;;;;
RESERVED;RESERVED;9768;;;;
RESERVED;RESERVED;9769;;;;
RESERVED;RESERVED;9770;;;;
RESERVED;RESERVED;9771;;;;
RESERVED;RESERVED;9772;;;;
RESERVED;RESERVED;9773;;;;
RESERVED;RESERVED;9774;;;;
RESERVED;RESERVED;9775;;;;
RESERVED;RESERVED;9776;;;;
RESERVED;RESERVED;9777;;;;
RESERVED;RESERVED;9778;;;;
RESERVED;RESERVED;9779;;;;
RESERVED;RESERVED;9780;;;;
RESERVED;RESERVED;9781;;;;
RESERVED;RESERVED;9782;;;;
RESERVED;RESERVED;9783;;;;
RESERVED;RESERVED;9784;;;;
RESERVED;RESERVED;9785;;;;
RESERVED;RESERVED;9786;;;;
RESERVED;RESERVED;9787;;;;
RESERVED;RESERVED;9788;;;;
RESERVED;RESERVED;9789;;;;
RESERVED;RESERVED;9790;;;;
RESERVED;RESERVED;9791;;;;
RESERVED;RESERVED;9792;;;;
RESERVED;RESERVED;9793;;;;
RESERVED;RESERVED;9794;;;;
RESERVED;RESERVED;9795;;;;
RESERVED;RESERVED;9796;;;;
RESERVED;RESERVED;9797;;;;
RESERVED;RESERVED;9798;;;;
RESERVED;RESERVED;9799;;;;
RESERVED;RESERVED;9800;;;;
RESERVED;RESERVED;9801;;;;
RESERVED;RESERVED;9802;;;;
RESERVED;RESERVED;9803;;;;
RESERVED;RESERVED;9804;;;;
RESERVED;RESERVED;9805;;;;
RESERVED;RESERVED;9806;;;;
RESERVED;RESERVED;9807;;;;
RESERVED;RESERVED;9808;;;;
RESERVED;RESERVED;9809;;;;
RESERVED;RESERVED;9810;;;;
RESERVED;RESERVED;9811;;;;
RESERVED;RESERVED;9812;;;;
RESERVED;RESERVED;9813;;;;
RESERVED;RESERVED;9814;;;;
RESERVED;RESERVED;9815;;;;
RESERVED;RESERVED;9816;;;;
RESERVED;RESERVED;9817;;;;
RESERVED;RESERVED;9818;;;;
RESERVED;RESERVED;9819;;;;
RESERVED;RESERVED;9820;;;;
RESERVED;RESERVED;9821;;;;
RESERVED;RESERVED;9822;;;;
RESERVED;RESERVED;9823;;;;
RESERVED;RESERVED;9824;;;;
RESERVED;RESERVED;9825;;;;
RESERVED;RESERVED;9826;;;;
RESERVED;RESERVED;9827;;;;
RESERVED;RESERVED;9828;;;;
RESERVED;RESERVED;9829;;;;
RESERVED;RESERVED;9830;;;;
RESERVED;RESERVED;9831;;;;
RESERVED;RESERVED;9832;;;;
RESERVED;RESERVED;9833;;;;
RESERVED;RESERVED;9834;;;;
RESERVED;RESERVED;9835;;;;
RESERVED;RESERVED;9836;;;;
RESERVED;RESERVED;9837;;;;
RESERVED;RESERVED;9838;;;;
RESERVED;RESERVED;9839;;;;
RESERVED;RESERVED;9840;;;;
RESERVED;RESERVED;9841;;;;
RESERVED;RESERVED;9842;;;;
RESERVED;RESERVED;9843;;;;
RESERVED;RESERVED;9844;;;;
RESERVED;RESERVED;9845;;;;
RESERVED;RESERVED;9846;;;;
RESERVED;RESERVED;9847;;;;
RESERVED;RESERVED;9848;;;;
RESERVED;RESERVED;9849;;;;
RESERVED;RESERVED;9850;;;;
RESERVED;RESERVED;9851;;;;
RESERVED;RESERVED;9852;;;;
RESERVED;RESERVED;9853;;;;
RESERVED;RESERVED;9854;;;;
RESERVED;RESERVED;9855;;;;
RESERVED;RESERVED;9856;;;;
RESERVED;RESERVED;9857;;;;
RESERVED;RESERVED;9858;;;;
RESERVED;RESERVED;9859;;;;
RESERVED;RESERVED;9860;;;;
RESERVED;RESERVED;9861;;;;
RESERVED;RESERVED;9862;;;;
RESERVED;RESERVED;9863;;;;
RESERVED;RESERVED;9864;;;;
RESERVED;RESERVED;9865;;;;
RESERVED;RESERVED;9866;;;;
RESERVED;RESERVED;9867;;;;
RESERVED;RESERVED;9868;;;;
RESERVED;RESERVED;9869;;;;
RESERVED;RESERVED;9870;;;;
RESERVED;RESERVED;9871;;;;
RESERVED;RESERVED;9872;;;;
RESERVED;RESERVED;9873;;;;
RESERVED;RESERVED;9874;;;;
RESERVED;RESERVED;9875;;;;
RESERVED;RESERVED;9876;;;;
RESERVED;RESERVED;9877;;;;
RESERVED;RESERVED;9878;;;;
RESERVED;RESERVED;9879;;;;
RESERVED;RESERVED;9880;;;;
RESERVED;RESERVED;9881;;;;
RESERVED;RESERVED;9882;;;;
RESERVED;RESERVED;9883;;;;
RESERVED;RESERVED;9884;;;;
RESERVED;RESERVED;9885;;;;
RESERVED;RESERVED;9886;;;;
RESERVED;RESERVED;9887;;;;
RESERVED;RESERVED;9888;;;;
RESERVED;RESERVED;9889;;;;
RESERVED;RESERVED;9890;;;;
RESERVED;RESERVED;9891;;;;
RESERVED;RESERVED;9892;;;;
RESERVED;RESERVED;9893;;;;
RESERVED;RESERVED;9894;;;;
RESERVED;RESERVED;9895;;;;
RESERVED;RESERVED;9896;;;;
RESERVED;RESERVED;9897;;;;
RESERVED;RESERVED;9898;;;;
RESERVED;RESERVED;9899;;;;
RESERVED;RESERVED;9900;;;;
RESERVED;RESERVED;9901;;;;
RESERVED;RESERVED;9902;;;;
RESERVED;RESERVED;9903;;;;
RESERVED;RESERVED;9904;;;;
RESERVED;RESERVED;9905;;;;
RESERVED;RESERVED;9906;;;;
RESERVED;RESERVED;9907;;;;
RESERVED;RESERVED;9908;;;;
RESERVED;RESERVED;9909;;;;
RESERVED;RESERVED;9910;;;;
RESERVED;RESERVED;9911;;;;
RESERVED;RESERVED;9912;;;;
RESERVED;RESERVED;9913;;;;
RESERVED;RESERVED;9914;;;;
RESERVED;RESERVED;9915;;;;
RESERVED;RESERVED;9916;;;;
RESERVED;RESERVED;9917;;;;
RESERVED;RESERVED;9918;;;;
RESERVED;RESERVED;9919;;;;
RESERVED;RESERVED;9920;;;;
RESERVED;RESERVED;9921;;;;
RESERVED;RESERVED;9922;;;;
RESERVED;RESERVED;9923;;;;
RESERVED;RESERVED;9924;;;;
RESERVED;RESERVED;9925;;;;
RESERVED;RESERVED;9926;;;;
RESERVED;RESERVED;9927;;;;
RESERVED;RESERVED;9928;;;;
RESERVED;RESERVED;9929;;;;
RESERVED;RESERVED;9930;;;;
RESERVED;RESERVED;9931;;;;
RESERVED;RESERVED;9932;;;;
RESERVED;RESERVED;9933;;;;
RESERVED;RESERVED;9934;;;;
RESERVED;RESERVED;9935;;;;
RESERVED;RESERVED;9936;;;;
RESERVED;RESERVED;9937;;;;
RESERVED;RESERVED;9938;;;;
RESERVED;RESERVED;9939;;;;
RESERVED;RESERVED;9940;;;;
RESERVED;RESERVED;9941;;;;
RESERVED;RESERVED;9942;;;;
RESERVED;RESERVED;9943;;;;
RESERVED;RESERVED;9944;;;;
RESERVED;RESERVED;9945;;;;
RESERVED;RESERVED;9946;;;;
RESERVED;RESERVED;9947;;;;
RESERVED;RESERVED;9948;;;;
RESERVED;RESERVED;9949;;;;
RESERVED;RESERVED;9950;;;;
RESERVED;RESERVED;9951;;;;
RESERVED;RESERVED;9952;;;;
RESERVED;RESERVED;9953;;;;
RESERVED;RESERVED;9954;;;;
RESERVED;RESERVED;9955;;;;
RESERVED;RESERVED;9956;;;;
RESERVED;RESERVED;9957;;;;
RESERVED;RESERVED;9958;;;;
RESERVED;RESERVED;9959;;;;
RESERVED;RESERVED;9960;;;;
RESERVED;RESERVED;9961;;;;
RESERVED;RESERVED;9962;;;;
RESERVED;RESERVED;9963;;;;
RESERVED;RESERVED;9964;;;;
RESERVED;RESERVED;9965;;;;
RESERVED;RESERVED;9966;;;;
RESERVED;RESERVED;9967;;;;
RESERVED;RESERVED;9968;;;;
RESERVED;RESERVED;9969;;;;
RESERVED;RESERVED;9970;;;;
RESERVED;RESERVED;9971;;;;
RESERVED;RESERVED;9972;;;;
RESERVED;RESERVED;9973;;;;
RESERVED;RESERVED;9974;;;;
RESERVED;RESERVED;9975;;;;
RESERVED;RESERVED;9976;;;;
RESERVED;RESERVED;9977;;;;
RESERVED;RESERVED;9978;;;;
RESERVED;RESERVED;9979;;;;
RESERVED;RESERVED;9980;;;;
RESERVED;RESERVED;9981;;;;
RESERVED;RESERVED;9982;;;;
RESERVED;RESERVED;9983;;;;
RESERVED;RESERVED;9984;;;;
RESERVED;RESERVED;9985;;;;
RESERVED;RESERVED;9986;;;;
RESERVED;RESERVED;9987;;;;
RESERVED;RESERVED;9988;;;;
RESERVED;RESERVED;9989;;;;
RESERVED;RESERVED;9990;;;;
RESERVED;RESERVED;9991;;;;
RESERVED;RESERVED;9992;;;;
RESERVED;RESERVED;9993;;;;
RESERVED;RESERVED;9994;;;;
RESERVED;RESERVED;9995;;;;
RESERVED;RESERVED;9996;;;;
RESERVED;RESERVED;9997;;;;
RESERVED;RESERVED;9998;;;;
RESERVED;RESERVED;9999;;;;
RESERVED;RESERVED;10000;;;;
