element_type_id;element
1;meteo
2;camara
3;detector
4;section
5;pa_system
6;segment
7;zone
8;barrier
9;fan
10;rotapanel
11;sos
12;lux
13;sem
14;lum
15;fire_det
16;meg
17;anem_ext
18;anem_int
19;co
20;no
21;opac
22;valvulas
23;batteries
24;vms_A_C
25;electrical_cabinet
26;switch
27;plc
28;nas
29;fibrolaser_ct
30;radio
31;photocell
32;presurizacion
33;trafo
34;electrical_cabinet_SCN
35;no_element
36;no_element
37;no_element
38;no_element
39;no_element
40;no_element
41;electrical_cabinet_ATC
42;electrical_cabinet_NRL
43;electrical_cabinet_NRS
44;electrical_cabinet_TFA_3D
45;electrical_cabinet_TFA_Loops
46;electrical_cabinet_TOLL
47;electrical_cabinet_TU
48;vms_CPU
49;vms_graphics
50;roadway
51;etd
52;camera_detector_DAI
53;sem_ambar_ambar
54;etd_kineo
55;ct
56;unifilar
57;magnetotermico
58;pulsador
59;smoke_detector
60;sirena
61;fire_det_ct
62;temp_probe
63;air_conditioner
64;vms_snow
65;sai
66;vane
67;sem_rojo_rojo
68;tfa_3d
69;vms_Weight
70;analizador_red
71;panel
72;subpanel
73;matrixPanel
74;eru
75;grupo_electrogeno
76;no_element
77;no_element
78;no_element
79;no_element
80;no_element
81;visibilimeter
82;accelerometer
83;radar
84;lighting_circuit
85;dali
86;pump
87;tank
88;leak_water_sensor
89;gate
90;no_element
91;bus_dali
92;electrical_protection
93;transfer_group
94;call_system
95;no_element
96;pa_groups
97;no_element
98;no_element
99;no_element
100;no_element
101;no_element
102;no_element
103;no_element
104;no_element
105;no_element
106;no_element
107;no_element
108;no_element
109;no_element
110;no_element
111;no_element
112;no_element
113;no_element
114;no_element
115;no_element
116;no_element
117;no_element
118;no_element
119;no_element
120;no_element
121;no_element
122;no_element
123;no_element
124;no_element
125;no_element
126;no_element
127;no_element
128;no_element
129;no_element
130;no_element
131;no_element
132;no_element
133;no_element
134;no_element
135;no_element
136;no_element
137;no_element
138;no_element
139;no_element
140;no_element
141;no_element
142;no_element
143;no_element
144;no_element
145;no_element
146;no_element
147;no_element
148;no_element
149;no_element
150;no_element
151;no_element
152;no_element
153;no_element
154;no_element
155;no_element
156;no_element
157;no_element
158;no_element
159;no_element
160;no_element
161;no_element
162;no_element
163;no_element
164;no_element
165;no_element
166;no_element
167;no_element
168;no_element
169;no_element
170;no_element
171;no_element
172;no_element
173;no_element
174;no_element
175;no_element
176;no_element
177;no_element
178;no_element
179;no_element
180;no_element
181;no_element
182;no_element
183;no_element
184;no_element
185;no_element
186;no_element
187;no_element
188;no_element
189;no_element
190;no_element
191;no_element
192;no_element
193;no_element
194;no_element
195;no_element
196;no_element
197;no_element
198;no_element
199;no_element
200;no_element
201;no_element
202;no_element
203;no_element
204;no_element
205;no_element
206;no_element
207;no_element
208;no_element
209;no_element
210;no_element
211;no_element
212;no_element
213;no_element
214;no_element
215;no_element
216;no_element
217;no_element
218;no_element
219;no_element
220;no_element
221;no_element
222;no_element
223;no_element
224;no_element
225;no_element
226;no_element
227;no_element
228;no_element
229;no_element
230;no_element
231;no_element
232;no_element
233;no_element
234;no_element
235;no_element
236;no_element
237;no_element
238;no_element
239;no_element
240;no_element
241;no_element
242;no_element
243;no_element
244;no_element
245;no_element
246;no_element
247;no_element
248;no_element
249;no_element
250;no_element
251;no_element
252;no_element
253;no_element
254;no_element
255;no_element
256;no_element
257;no_element
258;no_element
259;no_element
260;no_element
261;no_element
262;no_element
263;no_element
264;no_element
265;no_element
266;no_element
267;no_element
268;no_element
269;no_element
270;no_element
271;no_element
272;no_element
273;no_element
274;no_element
275;no_element
276;no_element
277;no_element
278;no_element
279;no_element
280;no_element
281;no_element
282;no_element
283;no_element
284;no_element
285;no_element
286;no_element
287;no_element
288;no_element
289;no_element
290;no_element
291;no_element
292;no_element
293;no_element
294;no_element
295;no_element
296;no_element
297;no_element
298;no_element
299;no_element
300;no_element
301;no_element
302;no_element
303;no_element
304;no_element
305;no_element
306;no_element
307;no_element
308;no_element
309;no_element
310;no_element
311;no_element
312;no_element
313;no_element
314;no_element
315;no_element
316;no_element
317;no_element
318;no_element
319;no_element
320;no_element
321;no_element
322;no_element
323;no_element
324;no_element
325;no_element
326;no_element
327;no_element
328;no_element
329;no_element
330;no_element
331;no_element
332;no_element
333;no_element
334;no_element
335;no_element
336;no_element
337;no_element
338;no_element
339;no_element
340;no_element
341;no_element
342;no_element
343;no_element
344;no_element
345;no_element
346;no_element
347;no_element
348;no_element
349;no_element
350;no_element
351;no_element
352;no_element
353;no_element
354;no_element
355;no_element
356;no_element
357;no_element
358;no_element
359;no_element
360;no_element
361;no_element
362;no_element
363;no_element
364;no_element
365;no_element
366;no_element
367;no_element
368;no_element
369;no_element
370;no_element
371;no_element
372;no_element
373;no_element
374;no_element
375;no_element
376;no_element
377;no_element
378;no_element
379;no_element
380;no_element
381;no_element
382;no_element
383;no_element
384;no_element
385;no_element
386;no_element
387;no_element
388;no_element
389;no_element
390;no_element
391;no_element
392;no_element
393;no_element
394;no_element
395;no_element
396;no_element
397;no_element
398;no_element
399;no_element
400;no_element
401;no_element
402;no_element
403;no_element
404;no_element
405;no_element
406;no_element
407;no_element
408;no_element
409;no_element
410;no_element
411;no_element
412;no_element
413;no_element
414;no_element
415;no_element
416;no_element
417;no_element
418;no_element
419;no_element
420;no_element
421;no_element
422;no_element
423;no_element
424;no_element
425;no_element
426;no_element
427;no_element
428;no_element
429;no_element
430;no_element
431;no_element
432;no_element
433;no_element
434;no_element
435;no_element
436;no_element
437;no_element
438;no_element
439;no_element
440;no_element
441;no_element
442;no_element
443;no_element
444;no_element
445;no_element
446;no_element
447;no_element
448;no_element
449;no_element
450;no_element
451;no_element
452;no_element
453;no_element
454;no_element
455;no_element
456;no_element
457;no_element
458;no_element
459;no_element
460;no_element
461;no_element
462;no_element
463;no_element
464;no_element
465;no_element
466;no_element
467;no_element
468;no_element
469;no_element
470;no_element
471;no_element
472;no_element
473;no_element
474;no_element
475;no_element
476;no_element
477;no_element
478;no_element
479;no_element
480;no_element
481;no_element
482;no_element
483;no_element
484;no_element
485;no_element
486;no_element
487;no_element
488;no_element
489;no_element
490;no_element
491;no_element
492;no_element
493;no_element
494;no_element
495;no_element
496;no_element
497;no_element
498;no_element
499;no_element
500;no_element
501;no_element
502;no_element
503;no_element
504;no_element
505;no_element
506;no_element
507;no_element
508;no_element
509;no_element
510;no_element
511;no_element
512;no_element
513;no_element
514;no_element
515;no_element
516;no_element
517;no_element
518;no_element
519;no_element
520;no_element
521;no_element
522;no_element
523;no_element
524;no_element
525;no_element
526;no_element
527;no_element
528;no_element
529;no_element
530;no_element
531;no_element
532;no_element
533;no_element
534;no_element
535;no_element
536;no_element
537;no_element
538;no_element
539;no_element
540;no_element
541;no_element
542;no_element
543;no_element
544;no_element
545;no_element
546;no_element
547;no_element
548;no_element
549;no_element
550;no_element
551;no_element
552;no_element
553;no_element
554;no_element
555;no_element
556;no_element
557;no_element
558;no_element
559;no_element
560;no_element
561;no_element
562;no_element
563;no_element
564;no_element
565;no_element
566;no_element
567;no_element
568;no_element
569;no_element
570;no_element
571;no_element
572;no_element
573;no_element
574;no_element
575;no_element
576;no_element
577;no_element
578;no_element
579;no_element
580;no_element
581;no_element
582;no_element
583;no_element
584;no_element
585;no_element
586;no_element
587;no_element
588;no_element
589;no_element
590;no_element
591;no_element
592;no_element
593;no_element
594;no_element
595;no_element
596;no_element
597;no_element
598;no_element
599;no_element
600;no_element
601;no_element
602;no_element
603;no_element
604;no_element
605;no_element
606;no_element
607;no_element
608;no_element
609;no_element
610;no_element
611;no_element
612;no_element
613;no_element
614;no_element
615;no_element
616;no_element
617;no_element
618;no_element
619;no_element
620;no_element
621;no_element
622;no_element
623;no_element
624;no_element
625;no_element
626;no_element
627;no_element
628;no_element
629;no_element
630;no_element
631;no_element
632;no_element
633;no_element
634;no_element
635;no_element
636;no_element
637;no_element
638;no_element
639;no_element
640;no_element
641;no_element
642;no_element
643;no_element
644;no_element
645;no_element
646;no_element
647;no_element
648;no_element
649;no_element
650;no_element
651;no_element
652;no_element
653;no_element
654;no_element
655;no_element
656;no_element
657;no_element
658;no_element
659;no_element
660;no_element
661;no_element
662;no_element
663;no_element
664;no_element
665;no_element
666;no_element
667;no_element
668;no_element
669;no_element
670;no_element
671;no_element
672;no_element
673;no_element
674;no_element
675;no_element
676;no_element
677;no_element
678;no_element
679;no_element
680;no_element
681;no_element
682;no_element
683;no_element
684;no_element
685;no_element
686;no_element
687;no_element
688;no_element
689;no_element
690;no_element
691;no_element
692;no_element
693;no_element
694;no_element
695;no_element
696;no_element
697;no_element
698;no_element
699;no_element
700;no_element
701;no_element
702;no_element
703;no_element
704;no_element
705;no_element
706;no_element
707;no_element
708;no_element
709;no_element
710;no_element
711;no_element
712;no_element
713;no_element
714;no_element
715;no_element
716;no_element
717;no_element
718;no_element
719;no_element
720;no_element
721;no_element
722;no_element
723;no_element
724;no_element
725;no_element
726;no_element
727;no_element
728;no_element
729;no_element
730;no_element
731;no_element
732;no_element
733;no_element
734;no_element
735;no_element
736;no_element
737;no_element
738;no_element
739;no_element
740;no_element
741;no_element
742;no_element
743;no_element
744;no_element
745;no_element
746;no_element
747;no_element
748;no_element
749;no_element
750;no_element
751;no_element
752;no_element
753;no_element
754;no_element
755;no_element
756;no_element
757;no_element
758;no_element
759;no_element
760;no_element
761;no_element
762;no_element
763;no_element
764;no_element
765;no_element
766;no_element
767;no_element
768;no_element
769;no_element
770;no_element
771;no_element
772;no_element
773;no_element
774;no_element
775;no_element
776;no_element
777;no_element
778;no_element
779;no_element
780;no_element
781;no_element
782;no_element
783;no_element
784;no_element
785;no_element
786;no_element
787;no_element
788;no_element
789;no_element
790;no_element
791;no_element
792;no_element
793;no_element
794;no_element
795;no_element
796;no_element
797;no_element
798;no_element
799;no_element
800;no_element
801;no_element
802;no_element
803;no_element
804;no_element
805;no_element
806;no_element
807;no_element
808;no_element
809;no_element
810;no_element
811;no_element
812;no_element
813;no_element
814;no_element
815;no_element
816;no_element
817;no_element
818;no_element
819;no_element
820;no_element
821;no_element
822;no_element
823;no_element
824;no_element
825;no_element
826;no_element
827;no_element
828;no_element
829;no_element
830;no_element
831;no_element
832;no_element
833;no_element
834;no_element
835;no_element
836;no_element
837;no_element
838;no_element
839;no_element
840;no_element
841;no_element
842;no_element
843;no_element
844;no_element
845;no_element
846;no_element
847;no_element
848;no_element
849;no_element
850;no_element
851;no_element
852;no_element
853;no_element
854;no_element
855;no_element
856;no_element
857;no_element
858;no_element
859;no_element
860;no_element
861;no_element
862;no_element
863;no_element
864;no_element
865;no_element
866;no_element
867;no_element
868;no_element
869;no_element
870;no_element
871;no_element
872;no_element
873;no_element
874;no_element
875;no_element
876;no_element
877;no_element
878;no_element
879;no_element
880;no_element
881;no_element
882;no_element
883;no_element
884;no_element
885;no_element
886;no_element
887;no_element
888;no_element
889;no_element
890;no_element
891;no_element
892;no_element
893;no_element
894;no_element
895;no_element
896;no_element
897;no_element
898;no_element
899;no_element
900;no_element
901;no_element
902;no_element
903;no_element
904;no_element
905;no_element
906;no_element
907;no_element
908;no_element
909;no_element
910;no_element
911;no_element
912;no_element
913;no_element
914;no_element
915;no_element
916;no_element
917;no_element
918;no_element
919;no_element
920;no_element
921;no_element
922;no_element
923;no_element
924;no_element
925;no_element
926;no_element
927;no_element
928;no_element
929;no_element
930;no_element
931;no_element
932;no_element
933;no_element
934;no_element
935;no_element
936;no_element
937;no_element
938;no_element
939;no_element
940;no_element
941;no_element
942;no_element
943;no_element
944;no_element
945;no_element
946;no_element
947;no_element
948;no_element
949;no_element
950;no_element
951;no_element
952;no_element
953;no_element
954;no_element
955;no_element
956;no_element
957;no_element
958;no_element
959;no_element
960;no_element
961;no_element
962;no_element
963;no_element
964;no_element
965;no_element
966;no_element
967;no_element
968;no_element
969;no_element
970;no_element
971;no_element
972;no_element
973;no_element
974;no_element
975;no_element
976;no_element
977;no_element
978;no_element
979;no_element
980;no_element
981;no_element
982;no_element
983;no_element
984;no_element
985;no_element
986;no_element
987;no_element
988;no_element
989;no_element
990;no_element
991;no_element
992;no_element
993;no_element
994;no_element
995;no_element
996;no_element
997;no_element
998;no_element
999;no_element
1000;cc
1001;no_element
1002;no_element
1003;no_element
1004;no_element
1005;no_element
1006;no_element
1007;no_element
1008;no_element
1009;no_element
1010;no_element
1011;no_element
1012;no_element
1013;no_element
1014;no_element
1015;no_element
1016;no_element
1017;no_element
1018;no_element
1019;no_element
1020;no_element
1021;no_element
1022;no_element
1023;no_element
1024;no_element
1025;no_element
1026;no_element
1027;no_element
1028;no_element
1029;no_element
1030;no_element
1031;no_element
1032;no_element
1033;no_element
1034;no_element
1035;no_element
1036;no_element
1037;no_element
1038;no_element
1039;no_element
1040;no_element
1041;no_element
1042;no_element
1043;no_element
1044;no_element
1045;no_element
1046;no_element
1047;no_element
1048;no_element
1049;no_element
1050;no_element
1051;no_element
1052;no_element
1053;no_element
1054;no_element
1055;no_element
1056;no_element
1057;no_element
1058;no_element
1059;no_element
1060;no_element
1061;no_element
1062;no_element
1063;no_element
1064;no_element
1065;no_element
1066;no_element
1067;no_element
1068;no_element
1069;no_element
1070;no_element
1071;no_element
1072;no_element
1073;no_element
1074;no_element
1075;no_element
1076;no_element
1077;no_element
1078;no_element
1079;no_element
1080;no_element
1081;no_element
1082;no_element
1083;no_element
1084;no_element
1085;no_element
1086;no_element
1087;no_element
1088;no_element
1089;no_element
1090;no_element
1091;no_element
1092;no_element
1093;no_element
1094;no_element
1095;no_element
1096;no_element
1097;no_element
1098;no_element
1099;no_element
1100;no_element
1101;no_element
1102;no_element
1103;no_element
1104;no_element
1105;no_element
1106;no_element
1107;no_element
1108;no_element
1109;no_element
1110;no_element
1111;no_element
1112;no_element
1113;no_element
1114;no_element
1115;no_element
1116;no_element
1117;no_element
1118;no_element
1119;no_element
1120;no_element
1121;no_element
1122;no_element
1123;no_element
1124;no_element
1125;no_element
1126;no_element
1127;no_element
1128;no_element
1129;no_element
1130;no_element
1131;no_element
1132;no_element
1133;no_element
1134;no_element
1135;no_element
1136;no_element
1137;no_element
1138;no_element
1139;no_element
1140;no_element
1141;no_element
1142;no_element
1143;no_element
1144;no_element
1145;no_element
1146;no_element
1147;no_element
1148;no_element
1149;no_element
1150;no_element
1151;no_element
1152;no_element
1153;no_element
1154;no_element
1155;no_element
1156;no_element
1157;no_element
1158;no_element
1159;no_element
1160;no_element
1161;no_element
1162;no_element
1163;no_element
1164;no_element
1165;no_element
1166;no_element
1167;no_element
1168;no_element
1169;no_element
1170;no_element
1171;no_element
1172;no_element
1173;no_element
1174;no_element
1175;no_element
1176;no_element
1177;no_element
1178;no_element
1179;no_element
1180;no_element
1181;no_element
1182;no_element
1183;no_element
1184;no_element
1185;no_element
1186;no_element
1187;no_element
1188;no_element
1189;no_element
1190;no_element
1191;no_element
1192;no_element
1193;no_element
1194;no_element
1195;no_element
1196;no_element
1197;no_element
1198;no_element
1199;no_element
1200;no_element
1201;no_element
1202;no_element
1203;no_element
1204;no_element
1205;no_element
1206;no_element
1207;no_element
1208;no_element
1209;no_element
1210;no_element
1211;no_element
1212;no_element
1213;no_element
1214;no_element
1215;no_element
1216;no_element
1217;no_element
1218;no_element
1219;no_element
1220;no_element
1221;no_element
1222;no_element
1223;no_element
1224;no_element
1225;no_element
1226;no_element
1227;no_element
1228;no_element
1229;no_element
1230;no_element
1231;no_element
1232;no_element
1233;no_element
1234;no_element
1235;no_element
1236;no_element
1237;no_element
1238;no_element
1239;no_element
1240;no_element
1241;no_element
1242;no_element
1243;no_element
1244;no_element
1245;no_element
1246;no_element
1247;no_element
1248;no_element
1249;no_element
1250;no_element
1251;no_element
1252;no_element
1253;no_element
1254;no_element
1255;no_element
1256;no_element
1257;no_element
1258;no_element
1259;no_element
1260;no_element
1261;no_element
1262;no_element
1263;no_element
1264;no_element
1265;no_element
1266;no_element
1267;no_element
1268;no_element
1269;no_element
1270;no_element
1271;no_element
1272;no_element
1273;no_element
1274;no_element
1275;no_element
1276;no_element
1277;no_element
1278;no_element
1279;no_element
1280;no_element
1281;no_element
1282;no_element
1283;no_element
1284;no_element
1285;no_element
1286;no_element
1287;no_element
1288;no_element
1289;no_element
1290;no_element
1291;no_element
1292;no_element
1293;no_element
1294;no_element
1295;no_element
1296;no_element
1297;no_element
1298;no_element
1299;no_element
1300;no_element
1301;no_element
1302;no_element
1303;no_element
1304;no_element
1305;no_element
1306;no_element
1307;no_element
1308;no_element
1309;no_element
1310;no_element
1311;no_element
1312;no_element
1313;no_element
1314;no_element
1315;no_element
1316;no_element
1317;no_element
1318;no_element
1319;no_element
1320;no_element
1321;no_element
1322;no_element
1323;no_element
1324;no_element
1325;no_element
1326;no_element
1327;no_element
1328;no_element
1329;no_element
1330;no_element
1331;no_element
1332;no_element
1333;no_element
1334;no_element
1335;no_element
1336;no_element
1337;no_element
1338;no_element
1339;no_element
1340;no_element
1341;no_element
1342;no_element
1343;no_element
1344;no_element
1345;no_element
1346;no_element
1347;no_element
1348;no_element
1349;no_element
1350;no_element
1351;no_element
1352;no_element
1353;no_element
1354;no_element
1355;no_element
1356;no_element
1357;no_element
1358;no_element
1359;no_element
1360;no_element
1361;no_element
1362;no_element
1363;no_element
1364;no_element
1365;no_element
1366;no_element
1367;no_element
1368;no_element
1369;no_element
1370;no_element
1371;no_element
1372;no_element
1373;no_element
1374;no_element
1375;no_element
1376;no_element
1377;no_element
1378;no_element
1379;no_element
1380;no_element
1381;no_element
1382;no_element
1383;no_element
1384;no_element
1385;no_element
1386;no_element
1387;no_element
1388;no_element
1389;no_element
1390;no_element
1391;no_element
1392;no_element
1393;no_element
1394;no_element
1395;no_element
1396;no_element
1397;no_element
1398;no_element
1399;no_element
1400;no_element
1401;no_element
1402;no_element
1403;no_element
1404;no_element
1405;no_element
1406;no_element
1407;no_element
1408;no_element
1409;no_element
1410;no_element
1411;no_element
1412;no_element
1413;no_element
1414;no_element
1415;no_element
1416;no_element
1417;no_element
1418;no_element
1419;no_element
1420;no_element
1421;no_element
1422;no_element
1423;no_element
1424;no_element
1425;no_element
1426;no_element
1427;no_element
1428;no_element
1429;no_element
1430;no_element
1431;no_element
1432;no_element
1433;no_element
1434;no_element
1435;no_element
1436;no_element
1437;no_element
1438;no_element
1439;no_element
1440;no_element
1441;no_element
1442;no_element
1443;no_element
1444;no_element
1445;no_element
1446;no_element
1447;no_element
1448;no_element
1449;no_element
1450;no_element
1451;no_element
1452;no_element
1453;no_element
1454;no_element
1455;no_element
1456;no_element
1457;no_element
1458;no_element
1459;no_element
1460;no_element
1461;no_element
1462;no_element
1463;no_element
1464;no_element
1465;no_element
1466;no_element
1467;no_element
1468;no_element
1469;no_element
1470;no_element
1471;no_element
1472;no_element
1473;no_element
1474;no_element
1475;no_element
1476;no_element
1477;no_element
1478;no_element
1479;no_element
1480;no_element
1481;no_element
1482;no_element
1483;no_element
1484;no_element
1485;no_element
1486;no_element
1487;no_element
1488;no_element
1489;no_element
1490;no_element
1491;no_element
1492;no_element
1493;no_element
1494;no_element
1495;no_element
1496;no_element
1497;no_element
1498;no_element
1499;no_element
1500;no_element
1501;no_element
1502;no_element
1503;no_element
1504;no_element
1505;no_element
1506;no_element
1507;no_element
1508;no_element
1509;no_element
1510;no_element
1511;no_element
1512;no_element
1513;no_element
1514;no_element
1515;no_element
1516;no_element
1517;no_element
1518;no_element
1519;no_element
1520;no_element
1521;no_element
1522;no_element
1523;no_element
1524;no_element
1525;no_element
1526;no_element
1527;no_element
1528;no_element
1529;no_element
1530;no_element
1531;no_element
1532;no_element
1533;no_element
1534;no_element
1535;no_element
1536;no_element
1537;no_element
1538;no_element
1539;no_element
1540;no_element
1541;no_element
1542;no_element
1543;no_element
1544;no_element
1545;no_element
1546;no_element
1547;no_element
1548;no_element
1549;no_element
1550;no_element
1551;no_element
1552;no_element
1553;no_element
1554;no_element
1555;no_element
1556;no_element
1557;no_element
1558;no_element
1559;no_element
1560;no_element
1561;no_element
1562;no_element
1563;no_element
1564;no_element
1565;no_element
1566;no_element
1567;no_element
1568;no_element
1569;no_element
1570;no_element
1571;no_element
1572;no_element
1573;no_element
1574;no_element
1575;no_element
1576;no_element
1577;no_element
1578;no_element
1579;no_element
1580;no_element
1581;no_element
1582;no_element
1583;no_element
1584;no_element
1585;no_element
1586;no_element
1587;no_element
1588;no_element
1589;no_element
1590;no_element
1591;no_element
1592;no_element
1593;no_element
1594;no_element
1595;no_element
1596;no_element
1597;no_element
1598;no_element
1599;no_element
1600;no_element
1601;no_element
1602;no_element
1603;no_element
1604;no_element
1605;no_element
1606;no_element
1607;no_element
1608;no_element
1609;no_element
1610;no_element
1611;no_element
1612;no_element
1613;no_element
1614;no_element
1615;no_element
1616;no_element
1617;no_element
1618;no_element
1619;no_element
1620;no_element
1621;no_element
1622;no_element
1623;no_element
1624;no_element
1625;no_element
1626;no_element
1627;no_element
1628;no_element
1629;no_element
1630;no_element
1631;no_element
1632;no_element
1633;no_element
1634;no_element
1635;no_element
1636;no_element
1637;no_element
1638;no_element
1639;no_element
1640;no_element
1641;no_element
1642;no_element
1643;no_element
1644;no_element
1645;no_element
1646;no_element
1647;no_element
1648;no_element
1649;no_element
1650;no_element
1651;no_element
1652;no_element
1653;no_element
1654;no_element
1655;no_element
1656;no_element
1657;no_element
1658;no_element
1659;no_element
1660;no_element
1661;no_element
1662;no_element
1663;no_element
1664;no_element
1665;no_element
1666;no_element
1667;no_element
1668;no_element
1669;no_element
1670;no_element
1671;no_element
1672;no_element
1673;no_element
1674;no_element
1675;no_element
1676;no_element
1677;no_element
1678;no_element
1679;no_element
1680;no_element
1681;no_element
1682;no_element
1683;no_element
1684;no_element
1685;no_element
1686;no_element
1687;no_element
1688;no_element
1689;no_element
1690;no_element
1691;no_element
1692;no_element
1693;no_element
1694;no_element
1695;no_element
1696;no_element
1697;no_element
1698;no_element
1699;no_element
1700;no_element
1701;no_element
1702;no_element
1703;no_element
1704;no_element
1705;no_element
1706;no_element
1707;no_element
1708;no_element
1709;no_element
1710;no_element
1711;no_element
1712;no_element
1713;no_element
1714;no_element
1715;no_element
1716;no_element
1717;no_element
1718;no_element
1719;no_element
1720;no_element
1721;no_element
1722;no_element
1723;no_element
1724;no_element
1725;no_element
1726;no_element
1727;no_element
1728;no_element
1729;no_element
1730;no_element
1731;no_element
1732;no_element
1733;no_element
1734;no_element
1735;no_element
1736;no_element
1737;no_element
1738;no_element
1739;no_element
1740;no_element
1741;no_element
1742;no_element
1743;no_element
1744;no_element
1745;no_element
1746;no_element
1747;no_element
1748;no_element
1749;no_element
1750;no_element
1751;no_element
1752;no_element
1753;no_element
1754;no_element
1755;no_element
1756;no_element
1757;no_element
1758;no_element
1759;no_element
1760;no_element
1761;no_element
1762;no_element
1763;no_element
1764;no_element
1765;no_element
1766;no_element
1767;no_element
1768;no_element
1769;no_element
1770;no_element
1771;no_element
1772;no_element
1773;no_element
1774;no_element
1775;no_element
1776;no_element
1777;no_element
1778;no_element
1779;no_element
1780;no_element
1781;no_element
1782;no_element
1783;no_element
1784;no_element
1785;no_element
1786;no_element
1787;no_element
1788;no_element
1789;no_element
1790;no_element
1791;no_element
1792;no_element
1793;no_element
1794;no_element
1795;no_element
1796;no_element
1797;no_element
1798;no_element
1799;no_element
1800;no_element
1801;no_element
1802;no_element
1803;no_element
1804;no_element
1805;no_element
1806;no_element
1807;no_element
1808;no_element
1809;no_element
1810;no_element
1811;no_element
1812;no_element
1813;no_element
1814;no_element
1815;no_element
1816;no_element
1817;no_element
1818;no_element
1819;no_element
1820;no_element
1821;no_element
1822;no_element
1823;no_element
1824;no_element
1825;no_element
1826;no_element
1827;no_element
1828;no_element
1829;no_element
1830;no_element
1831;no_element
1832;no_element
1833;no_element
1834;no_element
1835;no_element
1836;no_element
1837;no_element
1838;no_element
1839;no_element
1840;no_element
1841;no_element
1842;no_element
1843;no_element
1844;no_element
1845;no_element
1846;no_element
1847;no_element
1848;no_element
1849;no_element
1850;no_element
1851;no_element
1852;no_element
1853;no_element
1854;no_element
1855;no_element
1856;no_element
1857;no_element
1858;no_element
1859;no_element
1860;no_element
1861;no_element
1862;no_element
1863;no_element
1864;no_element
1865;no_element
1866;no_element
1867;no_element
1868;no_element
1869;no_element
1870;no_element
1871;no_element
1872;no_element
1873;no_element
1874;no_element
1875;no_element
1876;no_element
1877;no_element
1878;no_element
1879;no_element
1880;no_element
1881;no_element
1882;no_element
1883;no_element
1884;no_element
1885;no_element
1886;no_element
1887;no_element
1888;no_element
1889;no_element
1890;no_element
1891;no_element
1892;no_element
1893;no_element
1894;no_element
1895;no_element
1896;no_element
1897;no_element
1898;no_element
1899;no_element
1900;no_element
1901;no_element
1902;no_element
1903;no_element
1904;no_element
1905;no_element
1906;no_element
1907;no_element
1908;no_element
1909;no_element
1910;no_element
1911;no_element
1912;no_element
1913;no_element
1914;no_element
1915;no_element
1916;no_element
1917;no_element
1918;no_element
1919;no_element
1920;no_element
1921;no_element
1922;no_element
1923;no_element
1924;no_element
1925;no_element
1926;no_element
1927;no_element
1928;no_element
1929;no_element
1930;no_element
1931;no_element
1932;no_element
1933;no_element
1934;no_element
1935;no_element
1936;no_element
1937;no_element
1938;no_element
1939;no_element
1940;no_element
1941;no_element
1942;no_element
1943;no_element
1944;no_element
1945;no_element
1946;no_element
1947;no_element
1948;no_element
1949;no_element
1950;no_element
1951;no_element
1952;no_element
1953;no_element
1954;no_element
1955;no_element
1956;no_element
1957;no_element
1958;no_element
1959;no_element
1960;no_element
1961;no_element
1962;no_element
1963;no_element
1964;no_element
1965;no_element
1966;no_element
1967;no_element
1968;no_element
1969;no_element
1970;no_element
1971;no_element
1972;no_element
1973;no_element
1974;no_element
1975;no_element
1976;no_element
1977;no_element
1978;no_element
1979;no_element
1980;no_element
1981;no_element
1982;no_element
1983;no_element
1984;no_element
1985;no_element
1986;no_element
1987;no_element
1988;no_element
1989;no_element
1990;no_element
1991;no_element
1992;no_element
1993;no_element
1994;no_element
1995;no_element
1996;no_element
1997;no_element
1998;no_element
1999;no_element
2000;tube
2001;ventilation
2002;illumination
2003;electrical_panel
